diagonal_001.csv,diagonal_002.csv,20130475,173252731,8.460880889
diagonal_001.csv,diagonal_003.csv,26779450,256286781,6.702458191000001
diagonal_001.csv,diagonal_004.csv,47523006,336587391,7.065148786000001
diagonal_001.csv,diagonal_005.csv,11437016,161034862,5.273333917
diagonal_001.csv,diagonal_006.csv,31677781,297808809,6.690936577
diagonal_001.csv,diagonal_007.csv,37234972,300715083,6.917178053000001
diagonal_001.csv,diagonal_008.csv,60303527,429667652,7.633326923
diagonal_001.csv,diagonal_009.csv,13126419,131363847,4.6004582570000006
diagonal_001.csv,diagonal_010.csv,40092586,339891939,6.837544112000001
diagonal_001.csv,gaussian_001.csv,6468367,141733333,8.792495473
diagonal_001.csv,gaussian_002.csv,6139377,176459718,6.812905281000001
diagonal_001.csv,gaussian_003.csv,6570813,209071967,6.999927766000001
diagonal_001.csv,gaussian_004.csv,4105827,136727380,6.012172497000001
diagonal_001.csv,gaussian_005.csv,4905330,125012930,5.934792798
diagonal_001.csv,gaussian_006.csv,6991158,189493423,7.582344813000001
diagonal_001.csv,gaussian_007.csv,4505113,139243923,6.108499785
diagonal_001.csv,gaussian_008.csv,9083758,173331602,6.977350915000001
diagonal_001.csv,gaussian_009.csv,6803856,186247110,7.180357396000001
diagonal_001.csv,gaussian_010.csv,7445789,183791038,7.6121965320000005
diagonal_001.csv,uniform_001.csv,2407879,85203389,6.35579897
diagonal_001.csv,uniform_002.csv,1284819,38175053,5.1116154620000005
diagonal_001.csv,uniform_003.csv,2860430,79022024,6.773765652000001
diagonal_001.csv,uniform_004.csv,2542108,95163914,6.701245562
diagonal_001.csv,uniform_005.csv,1491923,58934984,6.219337918000001
diagonal_001.csv,uniform_006.csv,1600657,44442728,9.076513774
diagonal_001.csv,uniform_007.csv,1173853,46119423,5.236166649
diagonal_001.csv,uniform_008.csv,2246345,84455427,7.330682576
diagonal_001.csv,uniform_009.csv,2165418,85344048,6.295408070000001
diagonal_001.csv,uniform_010.csv,1088867,37453434,5.231099827
diagonal_001.csv,bit_001.csv,2252485,67231811,5.770000715
diagonal_001.csv,bit_002.csv,2496394,68118223,5.563485298000001
diagonal_001.csv,bit_003.csv,2934626,100144801,5.994482889
diagonal_001.csv,bit_004.csv,7680705,97764867,5.572143099000001
diagonal_001.csv,bit_005.csv,2721648,80147982,5.766505311
diagonal_001.csv,bit_006.csv,4296653,70758882,5.997171611000001
diagonal_001.csv,bit_007.csv,2811587,44706024,5.291716781000001
diagonal_001.csv,bit_008.csv,3189353,64752981,6.705979760000001
diagonal_001.csv,bit_009.csv,3912757,62551784,5.091637083
diagonal_001.csv,bit_010.csv,5049985,70677541,5.082434453
diagonal_002.csv,diagonal_003.csv,19789640,149497808,5.210401637
diagonal_002.csv,diagonal_004.csv,35305364,251401078,5.881048527000001
diagonal_002.csv,diagonal_005.csv,7725684,91767474,4.012782368
diagonal_002.csv,diagonal_006.csv,23670560,168397753,5.327514494000001
diagonal_002.csv,diagonal_007.csv,27189716,224033391,5.456013605000001
diagonal_002.csv,diagonal_008.csv,46029508,333090680,5.7736579610000005
diagonal_002.csv,diagonal_009.csv,9544505,129890473,6.988252221000001
diagonal_002.csv,diagonal_010.csv,29550726,205400480,5.6694698820000005
diagonal_002.csv,gaussian_001.csv,2730547,94661299,5.617880684
diagonal_002.csv,gaussian_002.csv,2657630,86745598,5.893356118000001
diagonal_002.csv,gaussian_003.csv,2766459,102857593,10.953918887
diagonal_002.csv,gaussian_004.csv,1718249,67580643,5.298084189
diagonal_002.csv,gaussian_005.csv,2158854,61888038,4.2068908050000005
diagonal_002.csv,gaussian_006.csv,3022470,92058281,6.114215118000001
diagonal_002.csv,gaussian_007.csv,1900801,67891724,4.614502445
diagonal_002.csv,gaussian_008.csv,3987918,114372062,6.236651957
diagonal_002.csv,gaussian_009.csv,2915646,90304392,5.733294864
diagonal_002.csv,gaussian_010.csv,3154062,122736922,5.774714144000001
diagonal_002.csv,uniform_001.csv,981386,36413640,5.585659215000001
diagonal_002.csv,uniform_002.csv,514876,165738822,6.787359203
diagonal_002.csv,uniform_003.csv,1163401,36391556,5.635590603000001
diagonal_002.csv,uniform_004.csv,1021633,40716201,4.870968411000001
diagonal_002.csv,uniform_005.csv,587195,27486959,4.768023995
diagonal_002.csv,uniform_006.csv,661352,20802357,3.9987971150000003
diagonal_002.csv,uniform_007.csv,459115,21376627,4.131692063
diagonal_002.csv,uniform_008.csv,884539,35509936,5.336228474
diagonal_002.csv,uniform_009.csv,855850,40028379,5.584547228
diagonal_002.csv,uniform_010.csv,420697,17097995,3.877687723
diagonal_002.csv,bit_001.csv,904095,30873490,4.2667416650000005
diagonal_002.csv,bit_002.csv,1018464,31205861,3.9203822560000003
diagonal_002.csv,bit_003.csv,1218342,47253079,4.756538664000001
diagonal_002.csv,bit_004.csv,5599915,48161319,4.409599968
diagonal_002.csv,bit_005.csv,1136333,37697303,4.42920167
diagonal_002.csv,bit_006.csv,2647662,35406527,4.262609709
diagonal_002.csv,bit_007.csv,1800344,156195223,5.506363418
diagonal_002.csv,bit_008.csv,1307158,40412708,5.083313347000001
diagonal_002.csv,bit_009.csv,2543090,29830157,3.756463843
diagonal_002.csv,bit_010.csv,3603485,36532072,3.5346131450000002
diagonal_003.csv,diagonal_004.csv,47026410,357036953,6.6979020700000005
diagonal_003.csv,diagonal_005.csv,10077794,135911122,4.837234199
diagonal_003.csv,diagonal_006.csv,31582046,239211848,6.080837585
diagonal_003.csv,diagonal_007.csv,35926328,321200783,6.665290567
diagonal_003.csv,diagonal_008.csv,60473720,444736378,7.362183979
diagonal_003.csv,diagonal_009.csv,12565262,112884083,4.244997813
diagonal_003.csv,diagonal_010.csv,39185380,293711544,6.527174937000001
diagonal_003.csv,gaussian_001.csv,3649759,148682966,6.382384378
diagonal_003.csv,gaussian_002.csv,3529259,133713785,5.890357294
diagonal_003.csv,gaussian_003.csv,3551125,158396186,6.511750821000001
diagonal_003.csv,gaussian_004.csv,2166008,103396096,5.2979882080000005
diagonal_003.csv,gaussian_005.csv,2883004,94490928,5.1483617090000005
diagonal_003.csv,gaussian_006.csv,4132090,144450903,6.530624529000001
diagonal_003.csv,gaussian_007.csv,2497936,105729991,6.0770543450000005
diagonal_003.csv,gaussian_008.csv,5322647,174870934,6.337924418
diagonal_003.csv,gaussian_009.csv,3963956,141933823,6.830405901000001
diagonal_003.csv,gaussian_010.csv,3943808,186398101,6.639082857
diagonal_003.csv,uniform_001.csv,1358417,65592937,6.038946095
diagonal_003.csv,uniform_002.csv,747722,32706637,4.643950918000001
diagonal_003.csv,uniform_003.csv,1717282,67498000,5.736391526
diagonal_003.csv,uniform_004.csv,1392186,73176742,5.845125784
diagonal_003.csv,uniform_005.csv,798897,45503100,5.259372261
diagonal_003.csv,uniform_006.csv,952081,37769270,4.6028913750000005
diagonal_003.csv,uniform_007.csv,634643,35659105,4.709374271000001
diagonal_003.csv,uniform_008.csv,1235965,65390536,6.038029872
diagonal_003.csv,uniform_009.csv,1160981,65780764,5.754118561
diagonal_003.csv,uniform_010.csv,603068,32132401,4.713416375
diagonal_003.csv,bit_001.csv,1322343,52260411,4.924083886
diagonal_003.csv,bit_002.csv,1517201,53134543,5.237468951
diagonal_003.csv,bit_003.csv,1698893,77430868,5.7405239980000005
diagonal_003.csv,bit_004.csv,8071786,78738851,5.157371417
diagonal_003.csv,bit_005.csv,1630487,62327065,5.24784102
diagonal_003.csv,bit_006.csv,3620627,55931620,4.822189007
diagonal_003.csv,bit_007.csv,2485392,35024510,3.6972284670000004
diagonal_003.csv,bit_008.csv,1918353,67694877,5.669881343
diagonal_003.csv,bit_009.csv,3553730,49451003,4.499410135000001
diagonal_003.csv,bit_010.csv,5044673,56382957,4.310665095
diagonal_004.csv,diagonal_005.csv,18760509,222198346,5.371291098
diagonal_004.csv,diagonal_006.csv,55143397,417710526,6.652396861000001
diagonal_004.csv,diagonal_007.csv,64863239,442634232,7.348482462000001
diagonal_004.csv,diagonal_008.csv,105019220,649511919,7.944763196
diagonal_004.csv,diagonal_009.csv,22816710,189006554,5.113226190000001
diagonal_004.csv,diagonal_010.csv,70446343,413324319,7.301552752
diagonal_004.csv,gaussian_001.csv,8134606,178548479,6.3403818890000005
diagonal_004.csv,gaussian_002.csv,7687532,220540592,6.985046938000001
diagonal_004.csv,gaussian_003.csv,8216605,195418347,6.799461213000001
diagonal_004.csv,gaussian_004.csv,5131115,170907146,6.128294803
diagonal_004.csv,gaussian_005.csv,6132623,156242226,5.664737979000001
diagonal_004.csv,gaussian_006.csv,8822573,174091369,7.416914951000001
diagonal_004.csv,gaussian_007.csv,5652075,174508466,6.288435253
diagonal_004.csv,gaussian_008.csv,11357260,217209779,6.97867743
diagonal_004.csv,gaussian_009.csv,8563518,170590253,6.42258668
diagonal_004.csv,gaussian_010.csv,9289690,229371695,6.834375812
diagonal_004.csv,uniform_001.csv,2900960,102804198,6.047752347
diagonal_004.csv,uniform_002.csv,1553730,46343402,4.910786129
diagonal_004.csv,uniform_003.csv,3470381,70769954,7.0726531790000005
diagonal_004.csv,uniform_004.csv,3046023,114624097,6.219402105
diagonal_004.csv,uniform_005.csv,1800361,71261969,5.439609289000001
diagonal_004.csv,uniform_006.csv,1937476,53759061,5.165420964
diagonal_004.csv,uniform_007.csv,1421025,55827567,4.950911321
diagonal_004.csv,uniform_008.csv,2708376,68077140,6.781466771000001
diagonal_004.csv,uniform_009.csv,2604623,103053957,6.269068655000001
diagonal_004.csv,uniform_010.csv,1318525,45687363,5.48675402
diagonal_004.csv,bit_001.csv,2762591,60615004,6.156377289000001
diagonal_004.csv,bit_002.csv,3063574,61467413,5.7320341400000006
diagonal_004.csv,bit_003.csv,3606073,82493096,5.486468097
diagonal_004.csv,bit_004.csv,13150378,126264559,5.221966032
diagonal_004.csv,bit_005.csv,3390976,73536789,6.341548638000001
diagonal_004.csv,bit_006.csv,6611035,90113502,5.081885652
diagonal_004.csv,bit_007.csv,4458594,55160128,4.470110442
diagonal_004.csv,bit_008.csv,3868977,78468211,6.380685466
diagonal_004.csv,bit_009.csv,6197126,77061233,4.905152815
diagonal_004.csv,bit_010.csv,8293468,89658153,5.501903535
diagonal_005.csv,diagonal_006.csv,12147361,148312094,5.381898216000001
diagonal_005.csv,diagonal_007.csv,14297897,199247672,5.814795848
diagonal_005.csv,diagonal_008.csv,23654246,276725571,6.127065158000001
diagonal_005.csv,diagonal_009.csv,5060365,142327896,6.502672853
diagonal_005.csv,diagonal_010.csv,15384364,179498823,5.832521633000001
diagonal_005.csv,gaussian_001.csv,2988091,103676637,5.235053212
diagonal_005.csv,gaussian_002.csv,2879264,94525932,5.595311241
diagonal_005.csv,gaussian_003.csv,3002554,111964845,5.542435504
diagonal_005.csv,gaussian_004.csv,1859852,73327023,4.664007315
diagonal_005.csv,gaussian_005.csv,2331809,67178768,4.731112722000001
diagonal_005.csv,gaussian_006.csv,3285336,100796297,5.264710756
diagonal_005.csv,gaussian_007.csv,2071510,74213645,5.257922487
diagonal_005.csv,gaussian_008.csv,4306096,124119917,5.619294726000001
diagonal_005.csv,gaussian_009.csv,3186792,99244965,5.746916416
diagonal_005.csv,gaussian_010.csv,3388167,132826615,5.721195346
diagonal_005.csv,uniform_001.csv,1091040,40607728,5.239164677000001
diagonal_005.csv,uniform_002.csv,585576,19919094,4.33771689
diagonal_005.csv,uniform_003.csv,1316512,41199848,5.911756982
diagonal_005.csv,uniform_004.csv,1143663,50189575,5.818627202
diagonal_005.csv,uniform_005.csv,658825,30923791,4.712331897
diagonal_005.csv,uniform_006.csv,739649,23301861,4.0732201560000005
diagonal_005.csv,uniform_007.csv,519395,24147189,3.8650134900000004
diagonal_005.csv,uniform_008.csv,1001235,44201691,5.747158243
diagonal_005.csv,uniform_009.csv,957216,44869710,5.235517548000001
diagonal_005.csv,uniform_010.csv,481720,19452010,4.688079819
diagonal_005.csv,bit_001.csv,1016309,34920099,4.115770605000001
diagonal_005.csv,bit_002.csv,1147389,35398935,4.835679788
diagonal_005.csv,bit_003.csv,1326179,52554746,4.832200037000001
diagonal_005.csv,bit_004.csv,3015740,48264928,4.696547193000001
diagonal_005.csv,bit_005.csv,1232208,41858132,4.629894307000001
diagonal_005.csv,bit_006.csv,1764583,36566806,3.9920804370000003
diagonal_005.csv,bit_007.csv,1073588,177148429,6.035330651000001
diagonal_005.csv,bit_008.csv,1466124,45662297,5.029343921000001
diagonal_005.csv,bit_009.csv,1539554,32378234,3.772876757
diagonal_005.csv,bit_010.csv,2093476,37300707,3.5098717620000004
diagonal_006.csv,diagonal_007.csv,43138989,359475007,7.012750481
diagonal_006.csv,diagonal_008.csv,70859146,525276090,7.166808634000001
diagonal_006.csv,diagonal_009.csv,15137396,126485073,4.546250232
diagonal_006.csv,diagonal_010.csv,47126612,331465968,6.783512708000001
diagonal_006.csv,gaussian_001.csv,4588676,167021863,6.193741568
diagonal_006.csv,gaussian_002.csv,4370447,149218968,6.231813082
diagonal_006.csv,gaussian_003.csv,4512889,177072291,6.950790598
diagonal_006.csv,gaussian_004.csv,2772039,115470015,5.37386295
diagonal_006.csv,gaussian_005.csv,3529311,105410954,5.293224286
diagonal_006.csv,gaussian_006.csv,5105350,161848888,6.579487089000001
diagonal_006.csv,gaussian_007.csv,3152369,118525538,6.068123440000001
diagonal_006.csv,gaussian_008.csv,6529858,195381888,6.481468167
diagonal_006.csv,gaussian_009.csv,4923293,159328748,6.779433179000001
diagonal_006.csv,gaussian_010.csv,5025105,207699922,7.275144849
diagonal_006.csv,uniform_001.csv,1622452,69940339,5.758952048
diagonal_006.csv,uniform_002.csv,890128,31738642,4.912363803
diagonal_006.csv,uniform_003.csv,2022203,65781764,6.383647574
diagonal_006.csv,uniform_004.csv,1680633,77915767,5.625234045
diagonal_006.csv,uniform_005.csv,982215,48665915,5.736510565000001
diagonal_006.csv,uniform_006.csv,1120484,40375975,4.801909269
diagonal_006.csv,uniform_007.csv,776337,38202143,4.776429831000001
diagonal_006.csv,uniform_008.csv,1498057,70025656,6.209870704
diagonal_006.csv,uniform_009.csv,1418472,70247133,6.125553094000001
diagonal_006.csv,uniform_010.csv,738078,31408503,4.865537435
diagonal_006.csv,bit_001.csv,1581520,56479876,5.3241172510000006
diagonal_006.csv,bit_002.csv,1802423,57521411,5.520229933
diagonal_006.csv,bit_003.csv,2034949,83130571,5.526404962
diagonal_006.csv,bit_004.csv,9020106,85370180,5.188045664000001
diagonal_006.csv,bit_005.csv,1953468,67549139,5.300993783
diagonal_006.csv,bit_006.csv,4333322,61466853,5.274807034
diagonal_006.csv,bit_007.csv,2973860,37981038,4.467606711
diagonal_006.csv,bit_008.csv,2256369,72681428,5.948047261
diagonal_006.csv,bit_009.csv,4175545,53254290,4.61694899
diagonal_006.csv,bit_010.csv,5665736,60546125,4.297467714000001
diagonal_007.csv,diagonal_008.csv,83947663,603185660,7.712595581
diagonal_007.csv,diagonal_009.csv,17371542,168089928,4.292354599
diagonal_007.csv,diagonal_010.csv,53893122,363488717,6.440028139000001
diagonal_007.csv,gaussian_001.csv,5501254,153806722,6.247747752
diagonal_007.csv,gaussian_002.csv,5394659,194716016,6.637602445000001
diagonal_007.csv,gaussian_003.csv,5491589,171445950,6.769363814
diagonal_007.csv,gaussian_004.csv,3375376,151844878,5.883164683
diagonal_007.csv,gaussian_005.csv,4426184,139302990,5.586696074000001
diagonal_007.csv,gaussian_006.csv,6174945,150153578,6.47519124
diagonal_007.csv,gaussian_007.csv,3806650,152329101,6.1181406030000005
diagonal_007.csv,gaussian_008.csv,8165416,191946350,7.35056887
diagonal_007.csv,gaussian_009.csv,5942151,147054193,6.5951762
diagonal_007.csv,gaussian_010.csv,6205303,204628108,6.851172312
diagonal_007.csv,uniform_001.csv,1964072,81813781,6.401292325
diagonal_007.csv,uniform_002.csv,1046664,39563661,5.299473706000001
diagonal_007.csv,uniform_003.csv,2380949,59885715,5.876267208000001
diagonal_007.csv,uniform_004.csv,2031438,66899669,6.480056944
diagonal_007.csv,uniform_005.csv,1153359,61866825,4.912769438000001
diagonal_007.csv,uniform_006.csv,1352349,46772447,4.996219118
diagonal_007.csv,uniform_007.csv,904968,48125232,5.406585649
diagonal_007.csv,uniform_008.csv,1752180,58110733,6.734782932000001
diagonal_007.csv,uniform_009.csv,1682731,90086810,5.698462064
diagonal_007.csv,uniform_010.csv,836449,38430906,5.170965809
diagonal_007.csv,bit_001.csv,1824035,50631943,5.792384005000001
diagonal_007.csv,bit_002.csv,2084696,51165420,5.973502299000001
diagonal_007.csv,bit_003.csv,2433603,71000149,6.231967981
diagonal_007.csv,bit_004.csv,10304207,54414731,5.547104438000001
diagonal_007.csv,bit_005.csv,2284815,62227153,6.304009883
diagonal_007.csv,bit_006.csv,5070807,78543556,5.400659539
diagonal_007.csv,bit_007.csv,3396317,48339503,4.7726319010000005
diagonal_007.csv,bit_008.csv,2669123,66784751,6.645389315
diagonal_007.csv,bit_009.csv,4766844,66477485,4.899293955
diagonal_007.csv,bit_010.csv,6597687,79604955,4.870998986
diagonal_008.csv,diagonal_009.csv,29633945,248818719,5.055895113
diagonal_008.csv,diagonal_010.csv,92109793,571010227,7.7676018860000005
diagonal_008.csv,gaussian_001.csv,8455721,196805318,6.117913595
diagonal_008.csv,gaussian_002.csv,7951503,240819233,6.850445657000001
diagonal_008.csv,gaussian_003.csv,8412686,212949314,7.252708253000001
diagonal_008.csv,gaussian_004.csv,5215878,186361783,5.47115999
diagonal_008.csv,gaussian_005.csv,6355667,170157722,5.844556239
diagonal_008.csv,gaussian_006.csv,9240211,191556518,7.584919958
diagonal_008.csv,gaussian_007.csv,5834968,191168324,6.806649982000001
diagonal_008.csv,gaussian_008.csv,11773467,236877843,7.560154228
diagonal_008.csv,gaussian_009.csv,8910094,187280816,6.972828473000001
diagonal_008.csv,gaussian_010.csv,9440737,249716096,6.903794685
diagonal_008.csv,uniform_001.csv,2832931,107127042,5.952871767
diagonal_008.csv,uniform_002.csv,1536529,48628272,5.6319763830000005
diagonal_008.csv,uniform_003.csv,3444675,74079401,6.52578991
diagonal_008.csv,uniform_004.csv,2943828,119011804,6.127336523
diagonal_008.csv,uniform_005.csv,1745392,74398942,5.166026539000001
diagonal_008.csv,uniform_006.csv,1918122,56219804,5.112111669
diagonal_008.csv,uniform_007.csv,1377627,58298969,4.9660845380000005
diagonal_008.csv,uniform_008.csv,2643278,71148156,6.839433276
diagonal_008.csv,uniform_009.csv,2528530,107373531,5.960438177
diagonal_008.csv,uniform_010.csv,1295839,48284400,4.501056082
diagonal_008.csv,bit_001.csv,2767714,64385483,5.8347248060000005
diagonal_008.csv,bit_002.csv,3115395,65530357,5.889899611000001
diagonal_008.csv,bit_003.csv,3610249,87287409,5.519625607
diagonal_008.csv,bit_004.csv,15528869,134786199,5.625670736
diagonal_008.csv,bit_005.csv,3470092,79228418,5.582328415
diagonal_008.csv,bit_006.csv,7838785,101941147,5.601019606
diagonal_008.csv,bit_007.csv,5386515,60293632,4.6045342080000005
diagonal_008.csv,bit_008.csv,3850409,82175749,6.465978827000001
diagonal_008.csv,bit_009.csv,7310401,82187065,4.587302084
diagonal_008.csv,bit_010.csv,9442295,94845446,4.901089741000001
diagonal_009.csv,diagonal_010.csv,18886179,153147055,4.803912139
diagonal_009.csv,gaussian_001.csv,2004611,74225058,5.179743018
diagonal_009.csv,gaussian_002.csv,1963872,68172034,5.510996298
diagonal_009.csv,gaussian_003.csv,2016755,80928794,5.2484569180000005
diagonal_009.csv,gaussian_004.csv,1246951,53189691,4.266867287
diagonal_009.csv,gaussian_005.csv,1608450,185920413,7.438010638000001
diagonal_009.csv,gaussian_006.csv,2234578,72203487,5.12404496
diagonal_009.csv,gaussian_007.csv,1393083,53306435,4.169839328
diagonal_009.csv,gaussian_008.csv,2962295,89979792,5.324115335
diagonal_009.csv,gaussian_009.csv,2154191,71048699,5.365494239
diagonal_009.csv,gaussian_010.csv,2290561,96885176,5.27989438
diagonal_009.csv,uniform_001.csv,717525,28629186,5.367441649000001
diagonal_009.csv,uniform_002.csv,379272,130329331,6.106312126000001
diagonal_009.csv,uniform_003.csv,860270,28502676,5.786564536
diagonal_009.csv,uniform_004.csv,746273,32022782,4.949344888000001
diagonal_009.csv,uniform_005.csv,424540,21595306,4.697892951
diagonal_009.csv,uniform_006.csv,491031,153193523,6.7383955250000005
diagonal_009.csv,uniform_007.csv,332172,144868226,6.440168032000001
diagonal_009.csv,uniform_008.csv,642393,27839281,5.009982645
diagonal_009.csv,uniform_009.csv,619040,31461634,5.029335870000001
diagonal_009.csv,uniform_010.csv,304437,126776594,6.270287628
diagonal_009.csv,bit_001.csv,661437,24147877,4.484086207000001
diagonal_009.csv,bit_002.csv,748924,24339076,4.37273287
diagonal_009.csv,bit_003.csv,887079,37064477,4.629096737
diagonal_009.csv,bit_004.csv,3519904,35744153,4.5631614240000005
diagonal_009.csv,bit_005.csv,827452,29438851,4.712430675
diagonal_009.csv,bit_006.csv,1799807,27211789,4.8061645660000005
diagonal_009.csv,bit_007.csv,1161744,124917910,5.0635068190000005
diagonal_009.csv,bit_008.csv,963692,31659534,4.970244797
diagonal_009.csv,bit_009.csv,1649442,23344633,3.7068739760000002
diagonal_009.csv,bit_010.csv,2291615,28218941,3.439522805
diagonal_010.csv,gaussian_001.csv,5469719,134210872,6.366786187000001
diagonal_010.csv,gaussian_002.csv,5353272,170553614,6.847263175
diagonal_010.csv,gaussian_003.csv,5602643,150875714,6.372485942
diagonal_010.csv,gaussian_004.csv,3486941,133143707,5.791360758000001
diagonal_010.csv,gaussian_005.csv,4347254,122166661,5.803102201000001
diagonal_010.csv,gaussian_006.csv,6044001,131264163,7.492043101
diagonal_010.csv,gaussian_007.csv,3826364,133035079,6.241548378
diagonal_010.csv,gaussian_008.csv,8031544,169032464,6.6666477
diagonal_010.csv,gaussian_009.csv,5839494,128529953,6.620310249
diagonal_010.csv,gaussian_010.csv,6417985,180562880,6.538591456000001
diagonal_010.csv,uniform_001.csv,1987119,71957600,6.092832734000001
diagonal_010.csv,uniform_002.csv,1035259,34475168,5.161936423
diagonal_010.csv,uniform_003.csv,2326199,52285399,6.865664372
diagonal_010.csv,uniform_004.csv,2074522,80519961,5.508510195
diagonal_010.csv,uniform_005.csv,1192416,54077927,5.566751889000001
diagonal_010.csv,uniform_006.csv,1332552,40990475,5.1562707990000005
diagonal_010.csv,uniform_007.csv,927968,41986274,5.136998059000001
diagonal_010.csv,uniform_008.csv,1781710,69699022,6.289786658000001
diagonal_010.csv,uniform_009.csv,1737502,78890196,6.8414149360000005
diagonal_010.csv,uniform_010.csv,843361,33337585,4.963493296
diagonal_010.csv,bit_001.csv,1802158,60086861,5.505003298
diagonal_010.csv,bit_002.csv,2025547,60853878,5.600439097000001
diagonal_010.csv,bit_003.csv,2447379,62365404,5.966191151
diagonal_010.csv,bit_004.csv,11154579,93290261,5.329054082000001
diagonal_010.csv,bit_005.csv,2264754,54439279,6.095418609
diagonal_010.csv,bit_006.csv,5293754,69061539,5.332774645000001
diagonal_010.csv,bit_007.csv,3611813,42502157,4.425959332000001
diagonal_010.csv,bit_008.csv,2611465,58359986,6.497593299
diagonal_010.csv,bit_009.csv,5051818,58454471,5.0105380760000005
diagonal_010.csv,bit_010.csv,7292981,72041558,5.051245727
gaussian_001.csv,gaussian_002.csv,16717630,530583598,7.999133693
gaussian_001.csv,gaussian_003.csv,17488834,452290125,6.9880060340000005
gaussian_001.csv,gaussian_004.csv,10864017,440530071,7.095715355
gaussian_001.csv,gaussian_005.csv,13643627,370025910,6.604964617
gaussian_001.csv,gaussian_006.csv,18874583,413352366,7.14128044
gaussian_001.csv,gaussian_007.csv,12002594,423799291,7.193360718
gaussian_001.csv,gaussian_008.csv,25110584,547183512,7.251749242000001
gaussian_001.csv,gaussian_009.csv,18369967,402069719,7.076240895000001
gaussian_001.csv,gaussian_010.csv,19854336,575845185,7.908952662000001
gaussian_001.csv,uniform_001.csv,2140206,79442331,6.0053909270000005
gaussian_001.csv,uniform_002.csv,1135304,38556593,5.103154697
gaussian_001.csv,uniform_003.csv,2578402,57426704,6.626870695
gaussian_001.csv,uniform_004.csv,2250231,88988122,5.737847906000001
gaussian_001.csv,uniform_005.csv,1278470,54207381,5.398227602
gaussian_001.csv,uniform_006.csv,1450100,45652754,5.19393172
gaussian_001.csv,uniform_007.csv,1013284,42407186,5.0876886070000005
gaussian_001.csv,uniform_008.csv,1950065,54922137,6.300427505
gaussian_001.csv,uniform_009.csv,1882208,79454578,5.729517822
gaussian_001.csv,uniform_010.csv,927182,37127840,4.810988771
gaussian_001.csv,bit_001.csv,1878925,45744587,5.670744823000001
gaussian_001.csv,bit_002.csv,2099576,46104816,5.293218324000001
gaussian_001.csv,bit_003.csv,2361475,61193113,5.532148873000001
gaussian_001.csv,bit_004.csv,2027876,70852797,4.961148865
gaussian_001.csv,bit_005.csv,2053618,50080589,5.597716818
gaussian_001.csv,bit_006.csv,1392648,47710603,4.47541589
gaussian_001.csv,bit_007.csv,804238,37275270,4.316212765
gaussian_001.csv,bit_008.csv,2867067,63889272,6.192364725
gaussian_001.csv,bit_009.csv,1405578,61712133,4.703685158
gaussian_001.csv,bit_010.csv,1580936,54930389,4.626881355
gaussian_002.csv,gaussian_003.csv,16844293,549303108,7.72370682
gaussian_002.csv,gaussian_004.csv,10482013,359911388,5.899958847000001
gaussian_002.csv,gaussian_005.csv,12808843,332227310,6.054287773
gaussian_002.csv,gaussian_006.csv,18115099,517194014,8.211426813000001
gaussian_002.csv,gaussian_007.csv,11602546,380944391,7.342918698
gaussian_002.csv,gaussian_008.csv,23645217,614172298,7.7577264150000005
gaussian_002.csv,gaussian_009.csv,17684118,510926238,7.981663428
gaussian_002.csv,gaussian_010.csv,18974867,647333308,7.562411413
gaussian_002.csv,uniform_001.csv,2021114,70888500,5.845884424
gaussian_002.csv,uniform_002.csv,1088181,35231340,4.991019024000001
gaussian_002.csv,uniform_003.csv,2465504,73266251,5.5020404990000005
gaussian_002.csv,uniform_004.csv,2133689,79342623,5.8311540090000005
gaussian_002.csv,uniform_005.csv,1235498,48901862,5.843674445
gaussian_002.csv,uniform_006.csv,1364855,40984848,5.142067846000001
gaussian_002.csv,uniform_007.csv,980026,38575074,4.7970144480000005
gaussian_002.csv,uniform_008.csv,1887237,70245359,7.080242568
gaussian_002.csv,uniform_009.csv,1812048,71236055,6.155143182000001
gaussian_002.csv,uniform_010.csv,913044,34206015,4.187598391
gaussian_002.csv,bit_001.csv,1825776,59360216,5.335006239
gaussian_002.csv,bit_002.csv,2039584,60269647,5.2218150880000005
gaussian_002.csv,bit_003.csv,2257018,77732677,5.4368329950000005
gaussian_002.csv,bit_004.csv,1883944,55322995,5.018500825
gaussian_002.csv,bit_005.csv,1988477,64484013,5.600761738
gaussian_002.csv,bit_006.csv,1341185,45180630,4.793138774
gaussian_002.csv,bit_007.csv,802566,30692610,4.417924904
gaussian_002.csv,bit_008.csv,2726734,81476063,5.455510819000001
gaussian_002.csv,bit_009.csv,1384835,51499329,4.671608743
gaussian_002.csv,bit_010.csv,1448480,47441294,4.685211114
gaussian_003.csv,gaussian_004.csv,10555185,464186714,7.160501047
gaussian_003.csv,gaussian_005.csv,13748156,427031201,6.9233488130000005
gaussian_003.csv,gaussian_006.csv,19400690,440605673,7.423466874000001
gaussian_003.csv,gaussian_007.csv,12042651,475294431,7.06558036
gaussian_003.csv,gaussian_008.csv,25338905,590235561,7.345151251000001
gaussian_003.csv,gaussian_009.csv,18851162,433609660,6.726396986
gaussian_003.csv,gaussian_010.csv,19165174,616193863,7.234205796
gaussian_003.csv,uniform_001.csv,2089284,83363260,6.0119740880000005
gaussian_003.csv,uniform_002.csv,1146166,41536532,4.883873966
gaussian_003.csv,uniform_003.csv,2637159,63724085,6.308404143000001
gaussian_003.csv,uniform_004.csv,2174716,93395986,5.911922974
gaussian_003.csv,uniform_005.csv,1243541,57698155,5.454727127
gaussian_003.csv,uniform_006.csv,1457614,48591351,5.129808979
gaussian_003.csv,uniform_007.csv,987417,45463060,5.65257641
gaussian_003.csv,uniform_008.csv,1922508,60580422,6.449489081
gaussian_003.csv,uniform_009.csv,1818474,84124844,6.435546747
gaussian_003.csv,uniform_010.csv,930717,40437814,4.781778287000001
gaussian_003.csv,bit_001.csv,1924193,70119391,5.455545473
gaussian_003.csv,bit_002.csv,2188709,52533690,5.725090787
gaussian_003.csv,bit_003.csv,2344273,66473178,5.192692223
gaussian_003.csv,bit_004.csv,1992255,65395439,4.765937438
gaussian_003.csv,bit_005.csv,2089895,55397584,5.499431556
gaussian_003.csv,bit_006.csv,1425164,48718486,4.757543608000001
gaussian_003.csv,bit_007.csv,807526,35617683,4.125312790000001
gaussian_003.csv,bit_008.csv,2923023,70649979,6.349965487
gaussian_003.csv,bit_009.csv,1421119,60044604,4.74656689
gaussian_003.csv,bit_010.csv,1549480,53115274,4.588098747
gaussian_004.csv,gaussian_005.csv,8579908,277014552,5.525891796000001
gaussian_004.csv,gaussian_006.csv,12157389,389645705,6.974383117
gaussian_004.csv,gaussian_007.csv,7449439,285867449,5.9251181850000005
gaussian_004.csv,gaussian_008.csv,15830521,518767220,7.899478383000001
gaussian_004.csv,gaussian_009.csv,11787741,418529150,7.264404073000001
gaussian_004.csv,gaussian_010.csv,11670205,538052381,7.156823429
gaussian_004.csv,uniform_001.csv,1285155,54286643,5.474413574000001
gaussian_004.csv,uniform_002.csv,714685,27203057,4.219650055000001
gaussian_004.csv,uniform_003.csv,1651895,56733476,6.478208972
gaussian_004.csv,uniform_004.csv,1330661,60751181,5.685708536
gaussian_004.csv,uniform_005.csv,757592,37599945,4.8472341320000005
gaussian_004.csv,uniform_006.csv,908437,31588816,4.427764271
gaussian_004.csv,uniform_007.csv,603320,29692301,4.258049603
gaussian_004.csv,uniform_008.csv,1181499,54180939,5.709671806
gaussian_004.csv,uniform_009.csv,1108480,54721328,5.963271413
gaussian_004.csv,uniform_010.csv,573515,26514189,4.410357762
gaussian_004.csv,bit_001.csv,1199250,46085675,5.055182298
gaussian_004.csv,bit_002.csv,1375129,46413815,4.383024905
gaussian_004.csv,bit_003.csv,1449257,59915782,5.209006984
gaussian_004.csv,bit_004.csv,1300659,43606677,4.575573261000001
gaussian_004.csv,bit_005.csv,1304200,50102064,4.937641462
gaussian_004.csv,bit_006.csv,886542,30934499,4.034439081
gaussian_004.csv,bit_007.csv,478220,22270187,3.44582604
gaussian_004.csv,bit_008.csv,1829320,62956846,5.194666487
gaussian_004.csv,bit_009.csv,849509,37735141,4.2255321850000005
gaussian_004.csv,bit_010.csv,991184,34299866,3.606794084
gaussian_005.csv,gaussian_006.csv,14623021,358920283,6.934828421000001
gaussian_005.csv,gaussian_007.csv,9462557,262985868,5.579786468
gaussian_005.csv,gaussian_008.csv,18907677,472108488,7.4066557070000005
gaussian_005.csv,gaussian_009.csv,14299888,353619614,6.363146792
gaussian_005.csv,gaussian_010.csv,15471420,499698089,7.031113661
gaussian_005.csv,uniform_001.csv,1625463,49472783,5.713429514
gaussian_005.csv,uniform_002.csv,881094,24919841,4.222782409000001
gaussian_005.csv,uniform_003.csv,1979043,51962412,5.062805123
gaussian_005.csv,uniform_004.csv,1727443,55445209,5.342364385000001
gaussian_005.csv,uniform_005.csv,1011767,34370288,4.886758938000001
gaussian_005.csv,uniform_006.csv,1090658,28932854,3.738543533
gaussian_005.csv,uniform_007.csv,805141,27163254,4.310417043
gaussian_005.csv,uniform_008.csv,1539025,49579578,4.998262939
gaussian_005.csv,uniform_009.csv,1472977,50066697,5.7392905160000005
gaussian_005.csv,uniform_010.csv,752700,24353843,4.896536377
gaussian_005.csv,bit_001.csv,1482440,41902278,4.5198516060000005
gaussian_005.csv,bit_002.csv,1648384,43088982,4.2333538310000005
gaussian_005.csv,bit_003.csv,1822011,54300130,4.948847013
gaussian_005.csv,bit_004.csv,1535042,39212145,4.0220600200000005
gaussian_005.csv,bit_005.csv,1605952,45145553,5.078361185
gaussian_005.csv,bit_006.csv,1100766,28737880,3.7475083180000004
gaussian_005.csv,bit_007.csv,682810,20493565,4.182564027000001
gaussian_005.csv,bit_008.csv,2193063,57760881,5.001939332
gaussian_005.csv,bit_009.csv,1173217,34576433,4.0127977800000005
gaussian_005.csv,bit_010.csv,1221629,30771213,3.278123561
gaussian_006.csv,gaussian_007.csv,13205060,408805685,7.275349930000001
gaussian_006.csv,gaussian_008.csv,26937417,499156860,7.28616444
gaussian_006.csv,gaussian_009.csv,19869835,394744802,7.094732520000001
gaussian_006.csv,gaussian_010.csv,22144785,559528536,7.619426382
gaussian_006.csv,uniform_001.csv,2341566,76798873,5.423416695
gaussian_006.csv,uniform_002.csv,1231768,37487152,5.416323238
gaussian_006.csv,uniform_003.csv,2771864,55986340,6.362403128
gaussian_006.csv,uniform_004.csv,2489679,86175217,5.909454581
gaussian_006.csv,uniform_005.csv,1430623,52666466,5.307739349
gaussian_006.csv,uniform_006.csv,1555820,44277564,5.059394002
gaussian_006.csv,uniform_007.csv,1130886,41277202,5.264686774
gaussian_006.csv,uniform_008.csv,2164756,75134999,6.880558882000001
gaussian_006.csv,uniform_009.csv,2103597,77042225,6.155944356
gaussian_006.csv,uniform_010.csv,1033745,36143188,5.31499157
gaussian_006.csv,bit_001.csv,2046935,62670684,5.326825481
gaussian_006.csv,bit_002.csv,2262285,63401367,5.787438195
gaussian_006.csv,bit_003.csv,2585789,59508215,6.023781852
gaussian_006.csv,bit_004.csv,2151495,58500550,4.876667791
gaussian_006.csv,bit_005.csv,2239898,48953774,6.0297637580000005
gaussian_006.csv,bit_006.csv,1527991,44813023,4.98931873
gaussian_006.csv,bit_007.csv,931845,30663480,3.9947215220000003
gaussian_006.csv,bit_008.csv,3079067,62247735,6.037286013
gaussian_006.csv,bit_009.csv,1588308,51465555,5.212240958000001
gaussian_006.csv,bit_010.csv,1736032,49235058,5.085402604
gaussian_007.csv,gaussian_008.csv,17419885,533307106,8.183624333000001
gaussian_007.csv,gaussian_009.csv,12832964,399264881,7.244234589
gaussian_007.csv,gaussian_010.csv,13562342,563636939,8.382122046000001
gaussian_007.csv,uniform_001.csv,1465383,56215911,5.661338222
gaussian_007.csv,uniform_002.csv,787369,27572701,4.531813233
gaussian_007.csv,uniform_003.csv,1798956,57544257,6.090640077000001
gaussian_007.csv,uniform_004.csv,1537511,62952896,5.481428373
gaussian_007.csv,uniform_005.csv,875326,38579442,4.951992677000001
gaussian_007.csv,uniform_006.csv,1003443,32453210,4.276339809
gaussian_007.csv,uniform_007.csv,694206,30268696,4.500261074
gaussian_007.csv,uniform_008.csv,1346120,55260940,6.003792526000001
gaussian_007.csv,uniform_009.csv,1285101,56326697,5.763680701
gaussian_007.csv,uniform_010.csv,642914,26634233,5.031360863000001
gaussian_007.csv,bit_001.csv,1313177,46167381,4.989221942
gaussian_007.csv,bit_002.csv,1474940,46736259,4.924180887
gaussian_007.csv,bit_003.csv,1628414,61094276,5.166274143000001
gaussian_007.csv,bit_004.csv,1379410,43896811,4.686730707000001
gaussian_007.csv,bit_005.csv,1430768,50491694,5.216730818
gaussian_007.csv,bit_006.csv,978804,34147559,4.2916241820000005
gaussian_007.csv,bit_007.csv,586008,24643739,3.7202860070000003
gaussian_007.csv,bit_008.csv,1997056,63897616,5.492171588000001
gaussian_007.csv,bit_009.csv,1002677,41660894,4.050295362
gaussian_007.csv,bit_010.csv,1091458,38857839,4.571868517
gaussian_008.csv,gaussian_009.csv,26351322,521544250,7.861319971
gaussian_008.csv,gaussian_010.csv,28570458,684487718,8.08999002
gaussian_008.csv,uniform_001.csv,3010071,91763228,6.945706007
gaussian_008.csv,uniform_002.csv,1621089,46067633,5.214174807
gaussian_008.csv,uniform_003.csv,3657001,70967015,6.643269737000001
gaussian_008.csv,uniform_004.csv,3191417,75587847,5.8270938690000005
gaussian_008.csv,uniform_005.csv,1867515,63654433,5.286350812
gaussian_008.csv,uniform_006.csv,2016145,53531604,4.461233406
gaussian_008.csv,uniform_007.csv,1484473,50265210,4.899425305
gaussian_008.csv,uniform_008.csv,2838851,67395210,7.15948194
gaussian_008.csv,uniform_009.csv,2724209,68058907,6.451575117
gaussian_008.csv,uniform_010.csv,1382675,44922465,5.162042876
gaussian_008.csv,bit_001.csv,2729161,56947962,5.568135322000001
gaussian_008.csv,bit_002.csv,3034577,58985207,4.86608377
gaussian_008.csv,bit_003.csv,3369434,73750063,5.3974932760000005
gaussian_008.csv,bit_004.csv,2905305,50776222,4.940924084000001
gaussian_008.csv,bit_005.csv,2966981,61246693,5.9985816000000005
gaussian_008.csv,bit_006.csv,1999026,67396704,4.841021710000001
gaussian_008.csv,bit_007.csv,1200927,38119603,4.199137126
gaussian_008.csv,bit_008.csv,4046872,78614049,6.1544075750000005
gaussian_008.csv,bit_009.csv,2092685,64439130,4.495104912
gaussian_008.csv,bit_010.csv,2236602,58144046,4.701360131
gaussian_009.csv,gaussian_010.csv,21480102,550641408,8.002670875
gaussian_009.csv,uniform_001.csv,2285363,75855772,5.322131622000001
gaussian_009.csv,uniform_002.csv,1203282,36942096,5.229793647
gaussian_009.csv,uniform_003.csv,2711958,55068351,6.065997176000001
gaussian_009.csv,uniform_004.csv,2420415,84902337,5.680581925
gaussian_009.csv,uniform_005.csv,1389775,51845292,5.797645037000001
gaussian_009.csv,uniform_006.csv,1524335,43652798,5.292639628000001
gaussian_009.csv,uniform_007.csv,1098743,40636514,4.952736512
gaussian_009.csv,uniform_008.csv,2106772,74091887,6.207041141
gaussian_009.csv,uniform_009.csv,2043829,75796804,7.083146296000001
gaussian_009.csv,uniform_010.csv,1002071,35421743,5.124721419
gaussian_009.csv,bit_001.csv,1994312,61986238,5.349141777000001
gaussian_009.csv,bit_002.csv,2211847,62071065,5.669851621
gaussian_009.csv,bit_003.csv,2521609,57652845,6.108379804
gaussian_009.csv,bit_004.csv,2099756,55824101,4.848613622
gaussian_009.csv,bit_005.csv,2184227,47254616,5.724093321000001
gaussian_009.csv,bit_006.csv,1485948,43687556,5.595276094
gaussian_009.csv,bit_007.csv,882766,33439749,4.2434571860000005
gaussian_009.csv,bit_008.csv,3013057,61264047,6.2027396360000004
gaussian_009.csv,bit_009.csv,1508325,56615159,4.49432638
gaussian_009.csv,bit_010.csv,1658191,52951813,4.611207914
gaussian_010.csv,uniform_001.csv,2314795,97389461,6.223950062
gaussian_010.csv,uniform_002.csv,1298197,49280994,4.8679449450000005
gaussian_010.csv,uniform_003.csv,3001891,75609318,6.453683487
gaussian_010.csv,uniform_004.csv,2396909,79351182,6.059140264000001
gaussian_010.csv,uniform_005.csv,1373875,67727817,5.339974354000001
gaussian_010.csv,uniform_006.csv,1639058,57045698,5.154035061
gaussian_010.csv,uniform_007.csv,1098236,53558742,5.182973645000001
gaussian_010.csv,uniform_008.csv,2152204,71361450,6.250682899
gaussian_010.csv,uniform_009.csv,2002561,71724671,6.079178744
gaussian_010.csv,uniform_010.csv,1051377,48434173,4.843290672
gaussian_010.csv,bit_001.csv,2195175,61741206,5.929006935
gaussian_010.csv,bit_002.csv,2512632,62374031,5.8149828470000005
gaussian_010.csv,bit_003.csv,2627311,79664519,5.429288626
gaussian_010.csv,bit_004.csv,2425227,53650038,4.963670284
gaussian_010.csv,bit_005.csv,2377674,67241779,5.474701207000001
gaussian_010.csv,bit_006.csv,1613774,59512113,5.125753929
gaussian_010.csv,bit_007.csv,897739,40412400,4.945704645
gaussian_010.csv,bit_008.csv,3319319,83619588,6.001673295000001
gaussian_010.csv,bit_009.csv,1594254,68215922,4.6781786610000005
gaussian_010.csv,bit_010.csv,1808845,60627289,4.690354775
uniform_001.csv,uniform_002.csv,1106174,38875586,4.910485244
uniform_001.csv,uniform_003.csv,2500370,80364821,6.605809843
uniform_001.csv,uniform_004.csv,2075409,94547717,6.475920436
uniform_001.csv,uniform_005.csv,1215871,59457661,5.221750673000001
uniform_001.csv,uniform_006.csv,1371800,49242217,5.778992745
uniform_001.csv,uniform_007.csv,960985,46641829,5.173685635
uniform_001.csv,uniform_008.csv,1882234,86043934,6.447767303
uniform_001.csv,uniform_009.csv,1749880,85455912,6.2307277050000005
uniform_001.csv,uniform_010.csv,922915,38409132,5.3106644670000005
uniform_001.csv,bit_001.csv,1907598,67679516,5.403513331
uniform_001.csv,bit_002.csv,2155421,68747035,5.464651529
uniform_001.csv,bit_003.csv,2329547,96896165,5.2288572140000005
uniform_001.csv,bit_004.csv,1819988,82025641,5.5935855740000004
uniform_001.csv,bit_005.csv,2143392,75837187,5.55644556
uniform_001.csv,bit_006.csv,1650739,55438863,4.904288896000001
uniform_001.csv,bit_007.csv,856534,38490116,3.986408835
uniform_001.csv,bit_008.csv,2773269,89056031,5.995879948000001
uniform_001.csv,bit_009.csv,1368500,59029108,5.231680184
uniform_001.csv,bit_010.csv,1531470,57645578,4.728394909
uniform_002.csv,uniform_003.csv,1322447,39421551,5.3927695280000005
uniform_002.csv,uniform_004.csv,1166582,48177801,4.900914389
uniform_002.csv,uniform_005.csv,672794,29694193,4.70757828
uniform_002.csv,uniform_006.csv,743470,22352185,3.9980688580000003
uniform_002.csv,uniform_007.csv,529884,23137005,4.155218237000001
uniform_002.csv,uniform_008.csv,1031370,42588946,5.441568172
uniform_002.csv,uniform_009.csv,981772,43033582,5.496730265
uniform_002.csv,uniform_010.csv,492848,18573529,4.459480515
uniform_002.csv,bit_001.csv,1004830,32734243,4.361461195
uniform_002.csv,bit_002.csv,1113031,32985297,4.461442607
uniform_002.csv,bit_003.csv,1273826,48382480,5.118189485
uniform_002.csv,bit_004.csv,891586,39021491,4.633865637
uniform_002.csv,bit_005.csv,1139886,37063271,4.63782723
uniform_002.csv,bit_006.csv,882265,27416213,4.239776558
uniform_002.csv,bit_007.csv,455639,168447229,6.487976290000001
uniform_002.csv,bit_008.csv,1475221,43896888,5.292966466
uniform_002.csv,bit_009.csv,724905,29535924,3.46105565
uniform_002.csv,bit_010.csv,823132,29421879,3.7626652770000004
uniform_003.csv,uniform_004.csv,2652206,99526964,6.293835850000001
uniform_003.csv,uniform_005.csv,1542814,61317443,5.598761249000001
uniform_003.csv,uniform_006.csv,1656410,46155945,6.243786583
uniform_003.csv,uniform_007.csv,1211199,47727517,4.935075074
uniform_003.csv,uniform_008.csv,2335603,58317113,6.448651266000001
uniform_003.csv,uniform_009.csv,2243515,88835756,6.1697521
uniform_003.csv,uniform_010.csv,1115444,38240933,5.660537255
uniform_003.csv,bit_001.csv,2243375,67390893,5.348345422
uniform_003.csv,bit_002.csv,2467757,67943501,5.685836425000001
uniform_003.csv,bit_003.csv,2868369,66831444,6.2373301450000005
uniform_003.csv,bit_004.csv,2102036,80419661,5.635713493
uniform_003.csv,bit_005.csv,2551575,56442749,5.829728388
uniform_003.csv,bit_006.csv,2044451,56677084,4.437942570000001
uniform_003.csv,bit_007.csv,1060726,39465385,4.576562948
uniform_003.csv,bit_008.csv,3273735,66751305,6.661558885000001
uniform_003.csv,bit_009.csv,1642001,59707926,4.778875334
uniform_003.csv,bit_010.csv,1906034,60769656,4.515723359
uniform_004.csv,uniform_005.csv,1257726,66527717,5.810820095
uniform_004.csv,uniform_006.csv,1455814,55079760,5.948499978
uniform_004.csv,uniform_007.csv,995767,52227026,5.166407147
uniform_004.csv,uniform_008.csv,1960950,96374248,6.912685284
uniform_004.csv,uniform_009.csv,1810733,95546591,6.48616343
uniform_004.csv,uniform_010.csv,959335,43091622,6.140045968000001
uniform_004.csv,bit_001.csv,2024281,76061407,5.272281975
uniform_004.csv,bit_002.csv,2285583,77076805,5.775110487
uniform_004.csv,bit_003.csv,2453637,108675004,6.0056948750000005
uniform_004.csv,bit_004.csv,1897990,89937138,5.5023711440000005
uniform_004.csv,bit_005.csv,2276159,85246466,6.628486261000001
uniform_004.csv,bit_006.csv,1802492,62041742,5.045818999000001
uniform_004.csv,bit_007.csv,905088,42841622,4.423197480000001
uniform_004.csv,bit_008.csv,2943364,73369636,6.939205491
uniform_004.csv,bit_009.csv,1443151,65613588,5.300497617
uniform_004.csv,bit_010.csv,1650811,63969325,4.697461486
uniform_005.csv,uniform_006.csv,854651,34371635,4.638047053
uniform_005.csv,uniform_007.csv,565617,32377718,4.549592882000001
uniform_005.csv,uniform_008.csv,1124408,59702342,6.273005421000001
uniform_005.csv,uniform_009.csv,1039136,59775922,6.06136954
uniform_005.csv,uniform_010.csv,542032,29135698,4.763012729000001
uniform_005.csv,bit_001.csv,1155891,46391600,4.962037263
uniform_005.csv,bit_002.csv,1316391,46915025,5.098474002000001
uniform_005.csv,bit_003.csv,1418775,67513910,5.153850889
uniform_005.csv,bit_004.csv,1300842,57498309,4.929660332
uniform_005.csv,bit_005.csv,1304673,52293731,5.210975295
uniform_005.csv,bit_006.csv,1067324,38446990,4.493660070000001
uniform_005.csv,bit_007.csv,511947,26726763,3.518915872
uniform_005.csv,bit_008.csv,1715579,61607974,5.958846981000001
uniform_005.csv,bit_009.csv,828126,40993384,3.967517099
uniform_005.csv,bit_010.csv,1041043,41104496,3.62191337
uniform_006.csv,uniform_007.csv,672711,26895119,4.098310315
uniform_006.csv,uniform_008.csv,1305857,49573853,5.455275298
uniform_006.csv,uniform_009.csv,1234961,49560606,5.671165187000001
uniform_006.csv,uniform_010.csv,633320,21942409,4.174650308
uniform_006.csv,bit_001.csv,1276217,38631240,4.8717291000000005
uniform_006.csv,bit_002.csv,1410807,39188945,4.374153623000001
uniform_006.csv,bit_003.csv,1589634,55884992,4.953845675
uniform_006.csv,bit_004.csv,1184085,46266428,4.750286216
uniform_006.csv,bit_005.csv,1436168,43384891,4.758489805
uniform_006.csv,bit_006.csv,1131569,32448903,3.8741282060000004
uniform_006.csv,bit_007.csv,598762,193254709,6.972806553000001
uniform_006.csv,bit_008.csv,1840691,51282429,4.817944473000001
uniform_006.csv,bit_009.csv,925772,34206195,4.020282858
uniform_006.csv,bit_010.csv,1003802,33690307,3.518227636
uniform_007.csv,uniform_008.csv,884035,46578908,5.144388649000001
uniform_007.csv,uniform_009.csv,821793,46789170,5.777356082000001
uniform_007.csv,uniform_010.csv,424306,22609401,4.217133639
uniform_007.csv,bit_001.csv,903109,35984071,4.745497501
uniform_007.csv,bit_002.csv,1026220,36355318,4.248272981
uniform_007.csv,bit_003.csv,1118561,52741275,4.955164475
uniform_007.csv,bit_004.csv,882269,43138079,4.69223737
uniform_007.csv,bit_005.csv,1025255,40646711,4.9132331350000005
uniform_007.csv,bit_006.csv,824549,30091522,4.248072206000001
uniform_007.csv,bit_007.csv,387693,182970534,6.55247616
uniform_007.csv,bit_008.csv,1343001,47967674,5.317416558000001
uniform_007.csv,bit_009.csv,612592,31646870,3.6378759530000004
uniform_007.csv,bit_010.csv,762413,31900132,3.043927141
uniform_008.csv,uniform_009.csv,1631752,86319482,6.571527569000001
uniform_008.csv,uniform_010.csv,834656,37571420,5.306838819
uniform_008.csv,bit_001.csv,1753088,66177824,5.404259431000001
uniform_008.csv,bit_002.csv,1980760,66912418,5.452160994000001
uniform_008.csv,bit_003.csv,2179769,64601229,6.331605807000001
uniform_008.csv,bit_004.csv,1704374,78747577,5.726865572
uniform_008.csv,bit_005.csv,1985883,74694037,5.771471033
uniform_008.csv,bit_006.csv,1544641,55131829,4.654660139000001
uniform_008.csv,bit_007.csv,778851,38385075,4.820212252
uniform_008.csv,bit_008.csv,2602968,64999800,6.514335278000001
uniform_008.csv,bit_009.csv,1239015,58592301,4.815294622000001
uniform_008.csv,bit_010.csv,1477349,58536540,4.431586838
uniform_009.csv,uniform_010.csv,791085,42374600,5.5503482260000006
uniform_009.csv,bit_001.csv,1684127,67429234,5.6578505450000005
uniform_009.csv,bit_002.csv,1921344,68350802,5.545580007000001
uniform_009.csv,bit_003.csv,2054568,97430103,6.0387041660000005
uniform_009.csv,bit_004.csv,1667812,82248880,5.498928157
uniform_009.csv,bit_005.csv,1899496,75821999,5.663307671
uniform_009.csv,bit_006.csv,1477566,56063370,5.2598294160000005
uniform_009.csv,bit_007.csv,728400,39114698,4.440720931
uniform_009.csv,bit_008.csv,2490361,65497312,6.638406508
uniform_009.csv,bit_009.csv,1163738,59740238,4.976005226000001
uniform_009.csv,bit_010.csv,1407877,58098150,4.903774684
uniform_010.csv,bit_001.csv,825238,31501000,4.694165320000001
uniform_010.csv,bit_002.csv,930721,31686098,4.994182025000001
uniform_010.csv,bit_003.csv,1056200,47425284,4.836986825
uniform_010.csv,bit_004.csv,851991,37730602,4.840331062000001
uniform_010.csv,bit_005.csv,946400,35917636,5.390361046000001
uniform_010.csv,bit_006.csv,756335,27020576,4.233213993000001
uniform_010.csv,bit_007.csv,376378,165011436,6.381444527
uniform_010.csv,bit_008.csv,1243681,42684099,5.085771839
uniform_010.csv,bit_009.csv,599901,28472131,3.6900981570000004
uniform_010.csv,bit_010.csv,772625,29577400,3.464995344
bit_001.csv,bit_002.csv,2062597,59195922,4.670715615000001
bit_001.csv,bit_003.csv,2915812,74428906,5.493042249
bit_001.csv,bit_004.csv,2988864,104879516,4.779982236
bit_001.csv,bit_005.csv,2928500,87057191,4.773107929
bit_001.csv,bit_006.csv,1330964,40660531,4.367839587000001
bit_001.csv,bit_007.csv,1042149,37988729,3.3969556730000003
bit_001.csv,bit_008.csv,2421554,55913225,5.606407807
bit_001.csv,bit_009.csv,1586598,57035495,3.9464181280000004
bit_001.csv,bit_010.csv,2610254,78253573,3.746663292
bit_002.csv,bit_003.csv,2574556,54696652,5.3564107530000005
bit_002.csv,bit_004.csv,2252762,73134022,4.761858055
bit_002.csv,bit_005.csv,2305319,67456258,4.958734673
bit_002.csv,bit_006.csv,2917522,74079368,4.022164517
bit_002.csv,bit_007.csv,1565151,42580940,3.6307660260000003
bit_002.csv,bit_008.csv,2825861,57791220,5.500848097
bit_002.csv,bit_009.csv,2244393,62253342,3.9022685740000003
bit_002.csv,bit_010.csv,1450036,42351828,3.243854954
bit_003.csv,bit_004.csv,5382145,181123000,4.953551353
bit_003.csv,bit_005.csv,3893583,95679012,5.744568500000001
bit_003.csv,bit_006.csv,1514269,49703579,4.434312897
bit_003.csv,bit_007.csv,1377156,44424219,3.795089329
bit_003.csv,bit_008.csv,2812495,75588746,5.560977084
bit_003.csv,bit_009.csv,2733271,84913472,4.3411125550000005
bit_003.csv,bit_010.csv,3860105,111025460,4.237177707
bit_004.csv,bit_005.csv,7631244,215209220,5.367475415
bit_004.csv,bit_006.csv,6215470,144956708,4.241152987
bit_004.csv,bit_007.csv,48633863,426681509,4.225660315
bit_004.csv,bit_008.csv,2105447,46490384,5.4462875340000005
bit_004.csv,bit_009.csv,135317982,1053092379,5.228736986
bit_004.csv,bit_010.csv,337807604,1910924254,7.6214406750000006
bit_005.csv,bit_006.csv,1377178,44074004,3.9957994360000004
bit_005.csv,bit_007.csv,1490757,44016213,4.187624314000001
bit_005.csv,bit_008.csv,2622822,60865172,5.633137905000001
bit_005.csv,bit_009.csv,3211067,89705263,4.271841247
bit_005.csv,bit_010.csv,5353161,133906819,3.882690435
bit_006.csv,bit_007.csv,20144215,187133686,3.5779257270000002
bit_006.csv,bit_008.csv,1903203,57850913,4.587002239
bit_006.csv,bit_009.csv,20741383,211558348,4.011987704
bit_006.csv,bit_010.csv,5628282,73822203,3.4412191930000002
bit_007.csv,bit_008.csv,1158386,44955682,4.11543449
bit_007.csv,bit_009.csv,100843402,458064882,4.846475914
bit_007.csv,bit_010.csv,40360734,207464608,3.306695779
bit_008.csv,bit_009.csv,1554950,60257766,4.250216117
bit_008.csv,bit_010.csv,1842247,62919458,4.243025594000001
bit_009.csv,bit_010.csv,100033216,480731261,4.085538688000001
