Column	Row	Geometry	Frequency
0	0	POLYGON((-0.965956634544476 -0.465967917940591,-0.8429443381244444 -0.465967917940591,-0.8429443381244444 -0.35660166925412784,-0.965956634544476 -0.35660166925412784,-0.965956634544476 -0.465967917940591))	0
1	0	POLYGON((-0.8429443381244444 -0.465967917940591,-0.7199320417044128 -0.465967917940591,-0.7199320417044128 -0.35660166925412784,-0.8429443381244444 -0.35660166925412784,-0.8429443381244444 -0.465967917940591))	0
2	0	POLYGON((-0.7199320417044128 -0.465967917940591,-0.5969197452843812 -0.465967917940591,-0.5969197452843812 -0.35660166925412784,-0.7199320417044128 -0.35660166925412784,-0.7199320417044128 -0.465967917940591))	0
3	0	POLYGON((-0.5969197452843812 -0.465967917940591,-0.47390744886434955 -0.465967917940591,-0.47390744886434955 -0.35660166925412784,-0.5969197452843812 -0.35660166925412784,-0.5969197452843812 -0.465967917940591))	0
4	0	POLYGON((-0.47390744886434955 -0.465967917940591,-0.3508951524443179 -0.465967917940591,-0.3508951524443179 -0.35660166925412784,-0.47390744886434955 -0.35660166925412784,-0.47390744886434955 -0.465967917940591))	0
5	0	POLYGON((-0.3508951524443179 -0.465967917940591,-0.22788285602428632 -0.465967917940591,-0.22788285602428632 -0.35660166925412784,-0.3508951524443179 -0.35660166925412784,-0.3508951524443179 -0.465967917940591))	0
6	0	POLYGON((-0.22788285602428632 -0.465967917940591,-0.10487055960425473 -0.465967917940591,-0.10487055960425473 -0.35660166925412784,-0.22788285602428632 -0.35660166925412784,-0.22788285602428632 -0.465967917940591))	0
7	0	POLYGON((-0.10487055960425473 -0.465967917940591,0.018141736815776965 -0.465967917940591,0.018141736815776965 -0.35660166925412784,-0.10487055960425473 -0.35660166925412784,-0.10487055960425473 -0.465967917940591))	0
8	0	POLYGON((0.018141736815776965 -0.465967917940591,0.1411540332358086 -0.465967917940591,0.1411540332358086 -0.35660166925412784,0.018141736815776965 -0.35660166925412784,0.018141736815776965 -0.465967917940591))	0
9	0	POLYGON((0.1411540332358086 -0.465967917940591,0.26416632965584025 -0.465967917940591,0.26416632965584025 -0.35660166925412784,0.1411540332358086 -0.35660166925412784,0.1411540332358086 -0.465967917940591))	0
10	0	POLYGON((0.26416632965584025 -0.465967917940591,0.3871786260758718 -0.465967917940591,0.3871786260758718 -0.35660166925412784,0.26416632965584025 -0.35660166925412784,0.26416632965584025 -0.465967917940591))	0
11	0	POLYGON((0.3871786260758718 -0.465967917940591,0.5101909224959035 -0.465967917940591,0.5101909224959035 -0.35660166925412784,0.3871786260758718 -0.35660166925412784,0.3871786260758718 -0.465967917940591))	0
12	0	POLYGON((0.5101909224959035 -0.465967917940591,0.6332032189159351 -0.465967917940591,0.6332032189159351 -0.35660166925412784,0.5101909224959035 -0.35660166925412784,0.5101909224959035 -0.465967917940591))	0
13	0	POLYGON((0.6332032189159351 -0.465967917940591,0.7562155153359666 -0.465967917940591,0.7562155153359666 -0.35660166925412784,0.6332032189159351 -0.35660166925412784,0.6332032189159351 -0.465967917940591))	0
14	0	POLYGON((0.7562155153359666 -0.465967917940591,0.8792278117559983 -0.465967917940591,0.8792278117559983 -0.35660166925412784,0.7562155153359666 -0.35660166925412784,0.7562155153359666 -0.465967917940591))	0
15	0	POLYGON((0.8792278117559983 -0.465967917940591,1.00224010817603 -0.465967917940591,1.00224010817603 -0.35660166925412784,0.8792278117559983 -0.35660166925412784,0.8792278117559983 -0.465967917940591))	0
0	1	POLYGON((-0.965956634544476 -0.35660166925412784,-0.8429443381244444 -0.35660166925412784,-0.8429443381244444 -0.24723542056766462,-0.965956634544476 -0.24723542056766462,-0.965956634544476 -0.35660166925412784))	0
1	1	POLYGON((-0.8429443381244444 -0.35660166925412784,-0.7199320417044128 -0.35660166925412784,-0.7199320417044128 -0.24723542056766462,-0.8429443381244444 -0.24723542056766462,-0.8429443381244444 -0.35660166925412784))	0
2	1	POLYGON((-0.7199320417044128 -0.35660166925412784,-0.5969197452843812 -0.35660166925412784,-0.5969197452843812 -0.24723542056766462,-0.7199320417044128 -0.24723542056766462,-0.7199320417044128 -0.35660166925412784))	0
3	1	POLYGON((-0.5969197452843812 -0.35660166925412784,-0.47390744886434955 -0.35660166925412784,-0.47390744886434955 -0.24723542056766462,-0.5969197452843812 -0.24723542056766462,-0.5969197452843812 -0.35660166925412784))	0
4	1	POLYGON((-0.47390744886434955 -0.35660166925412784,-0.3508951524443179 -0.35660166925412784,-0.3508951524443179 -0.24723542056766462,-0.47390744886434955 -0.24723542056766462,-0.47390744886434955 -0.35660166925412784))	0
5	1	POLYGON((-0.3508951524443179 -0.35660166925412784,-0.22788285602428632 -0.35660166925412784,-0.22788285602428632 -0.24723542056766462,-0.3508951524443179 -0.24723542056766462,-0.3508951524443179 -0.35660166925412784))	0
6	1	POLYGON((-0.22788285602428632 -0.35660166925412784,-0.10487055960425473 -0.35660166925412784,-0.10487055960425473 -0.24723542056766462,-0.22788285602428632 -0.24723542056766462,-0.22788285602428632 -0.35660166925412784))	0
7	1	POLYGON((-0.10487055960425473 -0.35660166925412784,0.018141736815776965 -0.35660166925412784,0.018141736815776965 -0.24723542056766462,-0.10487055960425473 -0.24723542056766462,-0.10487055960425473 -0.35660166925412784))	0
8	1	POLYGON((0.018141736815776965 -0.35660166925412784,0.1411540332358086 -0.35660166925412784,0.1411540332358086 -0.24723542056766462,0.018141736815776965 -0.24723542056766462,0.018141736815776965 -0.35660166925412784))	0
9	1	POLYGON((0.1411540332358086 -0.35660166925412784,0.26416632965584025 -0.35660166925412784,0.26416632965584025 -0.24723542056766462,0.1411540332358086 -0.24723542056766462,0.1411540332358086 -0.35660166925412784))	0
10	1	POLYGON((0.26416632965584025 -0.35660166925412784,0.3871786260758718 -0.35660166925412784,0.3871786260758718 -0.24723542056766462,0.26416632965584025 -0.24723542056766462,0.26416632965584025 -0.35660166925412784))	0
11	1	POLYGON((0.3871786260758718 -0.35660166925412784,0.5101909224959035 -0.35660166925412784,0.5101909224959035 -0.24723542056766462,0.3871786260758718 -0.24723542056766462,0.3871786260758718 -0.35660166925412784))	0
12	1	POLYGON((0.5101909224959035 -0.35660166925412784,0.6332032189159351 -0.35660166925412784,0.6332032189159351 -0.24723542056766462,0.5101909224959035 -0.24723542056766462,0.5101909224959035 -0.35660166925412784))	0
13	1	POLYGON((0.6332032189159351 -0.35660166925412784,0.7562155153359666 -0.35660166925412784,0.7562155153359666 -0.24723542056766462,0.6332032189159351 -0.24723542056766462,0.6332032189159351 -0.35660166925412784))	0
14	1	POLYGON((0.7562155153359666 -0.35660166925412784,0.8792278117559983 -0.35660166925412784,0.8792278117559983 -0.24723542056766462,0.7562155153359666 -0.24723542056766462,0.7562155153359666 -0.35660166925412784))	0
15	1	POLYGON((0.8792278117559983 -0.35660166925412784,1.00224010817603 -0.35660166925412784,1.00224010817603 -0.24723542056766462,0.8792278117559983 -0.24723542056766462,0.8792278117559983 -0.35660166925412784))	0
0	2	POLYGON((-0.965956634544476 -0.24723542056766462,-0.8429443381244444 -0.24723542056766462,-0.8429443381244444 -0.13786917188120143,-0.965956634544476 -0.13786917188120143,-0.965956634544476 -0.24723542056766462))	0
1	2	POLYGON((-0.8429443381244444 -0.24723542056766462,-0.7199320417044128 -0.24723542056766462,-0.7199320417044128 -0.13786917188120143,-0.8429443381244444 -0.13786917188120143,-0.8429443381244444 -0.24723542056766462))	0
2	2	POLYGON((-0.7199320417044128 -0.24723542056766462,-0.5969197452843812 -0.24723542056766462,-0.5969197452843812 -0.13786917188120143,-0.7199320417044128 -0.13786917188120143,-0.7199320417044128 -0.24723542056766462))	0
3	2	POLYGON((-0.5969197452843812 -0.24723542056766462,-0.47390744886434955 -0.24723542056766462,-0.47390744886434955 -0.13786917188120143,-0.5969197452843812 -0.13786917188120143,-0.5969197452843812 -0.24723542056766462))	0
4	2	POLYGON((-0.47390744886434955 -0.24723542056766462,-0.3508951524443179 -0.24723542056766462,-0.3508951524443179 -0.13786917188120143,-0.47390744886434955 -0.13786917188120143,-0.47390744886434955 -0.24723542056766462))	0
5	2	POLYGON((-0.3508951524443179 -0.24723542056766462,-0.22788285602428632 -0.24723542056766462,-0.22788285602428632 -0.13786917188120143,-0.3508951524443179 -0.13786917188120143,-0.3508951524443179 -0.24723542056766462))	0
6	2	POLYGON((-0.22788285602428632 -0.24723542056766462,-0.10487055960425473 -0.24723542056766462,-0.10487055960425473 -0.13786917188120143,-0.22788285602428632 -0.13786917188120143,-0.22788285602428632 -0.24723542056766462))	0
7	2	POLYGON((-0.10487055960425473 -0.24723542056766462,0.018141736815776965 -0.24723542056766462,0.018141736815776965 -0.13786917188120143,-0.10487055960425473 -0.13786917188120143,-0.10487055960425473 -0.24723542056766462))	0
8	2	POLYGON((0.018141736815776965 -0.24723542056766462,0.1411540332358086 -0.24723542056766462,0.1411540332358086 -0.13786917188120143,0.018141736815776965 -0.13786917188120143,0.018141736815776965 -0.24723542056766462))	0
9	2	POLYGON((0.1411540332358086 -0.24723542056766462,0.26416632965584025 -0.24723542056766462,0.26416632965584025 -0.13786917188120143,0.1411540332358086 -0.13786917188120143,0.1411540332358086 -0.24723542056766462))	0
10	2	POLYGON((0.26416632965584025 -0.24723542056766462,0.3871786260758718 -0.24723542056766462,0.3871786260758718 -0.13786917188120143,0.26416632965584025 -0.13786917188120143,0.26416632965584025 -0.24723542056766462))	0
11	2	POLYGON((0.3871786260758718 -0.24723542056766462,0.5101909224959035 -0.24723542056766462,0.5101909224959035 -0.13786917188120143,0.3871786260758718 -0.13786917188120143,0.3871786260758718 -0.24723542056766462))	0
12	2	POLYGON((0.5101909224959035 -0.24723542056766462,0.6332032189159351 -0.24723542056766462,0.6332032189159351 -0.13786917188120143,0.5101909224959035 -0.13786917188120143,0.5101909224959035 -0.24723542056766462))	0
13	2	POLYGON((0.6332032189159351 -0.24723542056766462,0.7562155153359666 -0.24723542056766462,0.7562155153359666 -0.13786917188120143,0.6332032189159351 -0.13786917188120143,0.6332032189159351 -0.24723542056766462))	0
14	2	POLYGON((0.7562155153359666 -0.24723542056766462,0.8792278117559983 -0.24723542056766462,0.8792278117559983 -0.13786917188120143,0.7562155153359666 -0.13786917188120143,0.7562155153359666 -0.24723542056766462))	0
15	2	POLYGON((0.8792278117559983 -0.24723542056766462,1.00224010817603 -0.24723542056766462,1.00224010817603 -0.13786917188120143,0.8792278117559983 -0.13786917188120143,0.8792278117559983 -0.24723542056766462))	0
0	3	POLYGON((-0.965956634544476 -0.13786917188120143,-0.8429443381244444 -0.13786917188120143,-0.8429443381244444 -0.02850292319473824,-0.965956634544476 -0.02850292319473824,-0.965956634544476 -0.13786917188120143))	0
1	3	POLYGON((-0.8429443381244444 -0.13786917188120143,-0.7199320417044128 -0.13786917188120143,-0.7199320417044128 -0.02850292319473824,-0.8429443381244444 -0.02850292319473824,-0.8429443381244444 -0.13786917188120143))	0
2	3	POLYGON((-0.7199320417044128 -0.13786917188120143,-0.5969197452843812 -0.13786917188120143,-0.5969197452843812 -0.02850292319473824,-0.7199320417044128 -0.02850292319473824,-0.7199320417044128 -0.13786917188120143))	0
3	3	POLYGON((-0.5969197452843812 -0.13786917188120143,-0.47390744886434955 -0.13786917188120143,-0.47390744886434955 -0.02850292319473824,-0.5969197452843812 -0.02850292319473824,-0.5969197452843812 -0.13786917188120143))	0
4	3	POLYGON((-0.47390744886434955 -0.13786917188120143,-0.3508951524443179 -0.13786917188120143,-0.3508951524443179 -0.02850292319473824,-0.47390744886434955 -0.02850292319473824,-0.47390744886434955 -0.13786917188120143))	0
5	3	POLYGON((-0.3508951524443179 -0.13786917188120143,-0.22788285602428632 -0.13786917188120143,-0.22788285602428632 -0.02850292319473824,-0.3508951524443179 -0.02850292319473824,-0.3508951524443179 -0.13786917188120143))	0
6	3	POLYGON((-0.22788285602428632 -0.13786917188120143,-0.10487055960425473 -0.13786917188120143,-0.10487055960425473 -0.02850292319473824,-0.22788285602428632 -0.02850292319473824,-0.22788285602428632 -0.13786917188120143))	0
7	3	POLYGON((-0.10487055960425473 -0.13786917188120143,0.018141736815776965 -0.13786917188120143,0.018141736815776965 -0.02850292319473824,-0.10487055960425473 -0.02850292319473824,-0.10487055960425473 -0.13786917188120143))	0
8	3	POLYGON((0.018141736815776965 -0.13786917188120143,0.1411540332358086 -0.13786917188120143,0.1411540332358086 -0.02850292319473824,0.018141736815776965 -0.02850292319473824,0.018141736815776965 -0.13786917188120143))	0
9	3	POLYGON((0.1411540332358086 -0.13786917188120143,0.26416632965584025 -0.13786917188120143,0.26416632965584025 -0.02850292319473824,0.1411540332358086 -0.02850292319473824,0.1411540332358086 -0.13786917188120143))	0
10	3	POLYGON((0.26416632965584025 -0.13786917188120143,0.3871786260758718 -0.13786917188120143,0.3871786260758718 -0.02850292319473824,0.26416632965584025 -0.02850292319473824,0.26416632965584025 -0.13786917188120143))	0
11	3	POLYGON((0.3871786260758718 -0.13786917188120143,0.5101909224959035 -0.13786917188120143,0.5101909224959035 -0.02850292319473824,0.3871786260758718 -0.02850292319473824,0.3871786260758718 -0.13786917188120143))	0
12	3	POLYGON((0.5101909224959035 -0.13786917188120143,0.6332032189159351 -0.13786917188120143,0.6332032189159351 -0.02850292319473824,0.5101909224959035 -0.02850292319473824,0.5101909224959035 -0.13786917188120143))	0
13	3	POLYGON((0.6332032189159351 -0.13786917188120143,0.7562155153359666 -0.13786917188120143,0.7562155153359666 -0.02850292319473824,0.6332032189159351 -0.02850292319473824,0.6332032189159351 -0.13786917188120143))	0
14	3	POLYGON((0.7562155153359666 -0.13786917188120143,0.8792278117559983 -0.13786917188120143,0.8792278117559983 -0.02850292319473824,0.7562155153359666 -0.02850292319473824,0.7562155153359666 -0.13786917188120143))	0
15	3	POLYGON((0.8792278117559983 -0.13786917188120143,1.00224010817603 -0.13786917188120143,1.00224010817603 -0.02850292319473824,0.8792278117559983 -0.02850292319473824,0.8792278117559983 -0.13786917188120143))	0
0	4	POLYGON((-0.965956634544476 -0.02850292319473824,-0.8429443381244444 -0.02850292319473824,-0.8429443381244444 0.08086332549172492,-0.965956634544476 0.08086332549172492,-0.965956634544476 -0.02850292319473824))	0
1	4	POLYGON((-0.8429443381244444 -0.02850292319473824,-0.7199320417044128 -0.02850292319473824,-0.7199320417044128 0.08086332549172492,-0.8429443381244444 0.08086332549172492,-0.8429443381244444 -0.02850292319473824))	0
2	4	POLYGON((-0.7199320417044128 -0.02850292319473824,-0.5969197452843812 -0.02850292319473824,-0.5969197452843812 0.08086332549172492,-0.7199320417044128 0.08086332549172492,-0.7199320417044128 -0.02850292319473824))	0
3	4	POLYGON((-0.5969197452843812 -0.02850292319473824,-0.47390744886434955 -0.02850292319473824,-0.47390744886434955 0.08086332549172492,-0.5969197452843812 0.08086332549172492,-0.5969197452843812 -0.02850292319473824))	0
4	4	POLYGON((-0.47390744886434955 -0.02850292319473824,-0.3508951524443179 -0.02850292319473824,-0.3508951524443179 0.08086332549172492,-0.47390744886434955 0.08086332549172492,-0.47390744886434955 -0.02850292319473824))	0
5	4	POLYGON((-0.3508951524443179 -0.02850292319473824,-0.22788285602428632 -0.02850292319473824,-0.22788285602428632 0.08086332549172492,-0.3508951524443179 0.08086332549172492,-0.3508951524443179 -0.02850292319473824))	0
6	4	POLYGON((-0.22788285602428632 -0.02850292319473824,-0.10487055960425473 -0.02850292319473824,-0.10487055960425473 0.08086332549172492,-0.22788285602428632 0.08086332549172492,-0.22788285602428632 -0.02850292319473824))	0
7	4	POLYGON((-0.10487055960425473 -0.02850292319473824,0.018141736815776965 -0.02850292319473824,0.018141736815776965 0.08086332549172492,-0.10487055960425473 0.08086332549172492,-0.10487055960425473 -0.02850292319473824))	0
8	4	POLYGON((0.018141736815776965 -0.02850292319473824,0.1411540332358086 -0.02850292319473824,0.1411540332358086 0.08086332549172492,0.018141736815776965 0.08086332549172492,0.018141736815776965 -0.02850292319473824))	0
9	4	POLYGON((0.1411540332358086 -0.02850292319473824,0.26416632965584025 -0.02850292319473824,0.26416632965584025 0.08086332549172492,0.1411540332358086 0.08086332549172492,0.1411540332358086 -0.02850292319473824))	0
10	4	POLYGON((0.26416632965584025 -0.02850292319473824,0.3871786260758718 -0.02850292319473824,0.3871786260758718 0.08086332549172492,0.26416632965584025 0.08086332549172492,0.26416632965584025 -0.02850292319473824))	0
11	4	POLYGON((0.3871786260758718 -0.02850292319473824,0.5101909224959035 -0.02850292319473824,0.5101909224959035 0.08086332549172492,0.3871786260758718 0.08086332549172492,0.3871786260758718 -0.02850292319473824))	0
12	4	POLYGON((0.5101909224959035 -0.02850292319473824,0.6332032189159351 -0.02850292319473824,0.6332032189159351 0.08086332549172492,0.5101909224959035 0.08086332549172492,0.5101909224959035 -0.02850292319473824))	0
13	4	POLYGON((0.6332032189159351 -0.02850292319473824,0.7562155153359666 -0.02850292319473824,0.7562155153359666 0.08086332549172492,0.6332032189159351 0.08086332549172492,0.6332032189159351 -0.02850292319473824))	0
14	4	POLYGON((0.7562155153359666 -0.02850292319473824,0.8792278117559983 -0.02850292319473824,0.8792278117559983 0.08086332549172492,0.7562155153359666 0.08086332549172492,0.7562155153359666 -0.02850292319473824))	0
15	4	POLYGON((0.8792278117559983 -0.02850292319473824,1.00224010817603 -0.02850292319473824,1.00224010817603 0.08086332549172492,0.8792278117559983 0.08086332549172492,0.8792278117559983 -0.02850292319473824))	0
0	5	POLYGON((-0.965956634544476 0.08086332549172492,-0.8429443381244444 0.08086332549172492,-0.8429443381244444 0.1902295741781881,-0.965956634544476 0.1902295741781881,-0.965956634544476 0.08086332549172492))	0
1	5	POLYGON((-0.8429443381244444 0.08086332549172492,-0.7199320417044128 0.08086332549172492,-0.7199320417044128 0.1902295741781881,-0.8429443381244444 0.1902295741781881,-0.8429443381244444 0.08086332549172492))	0
2	5	POLYGON((-0.7199320417044128 0.08086332549172492,-0.5969197452843812 0.08086332549172492,-0.5969197452843812 0.1902295741781881,-0.7199320417044128 0.1902295741781881,-0.7199320417044128 0.08086332549172492))	0
3	5	POLYGON((-0.5969197452843812 0.08086332549172492,-0.47390744886434955 0.08086332549172492,-0.47390744886434955 0.1902295741781881,-0.5969197452843812 0.1902295741781881,-0.5969197452843812 0.08086332549172492))	0
4	5	POLYGON((-0.47390744886434955 0.08086332549172492,-0.3508951524443179 0.08086332549172492,-0.3508951524443179 0.1902295741781881,-0.47390744886434955 0.1902295741781881,-0.47390744886434955 0.08086332549172492))	0
5	5	POLYGON((-0.3508951524443179 0.08086332549172492,-0.22788285602428632 0.08086332549172492,-0.22788285602428632 0.1902295741781881,-0.3508951524443179 0.1902295741781881,-0.3508951524443179 0.08086332549172492))	0
6	5	POLYGON((-0.22788285602428632 0.08086332549172492,-0.10487055960425473 0.08086332549172492,-0.10487055960425473 0.1902295741781881,-0.22788285602428632 0.1902295741781881,-0.22788285602428632 0.08086332549172492))	0
7	5	POLYGON((-0.10487055960425473 0.08086332549172492,0.018141736815776965 0.08086332549172492,0.018141736815776965 0.1902295741781881,-0.10487055960425473 0.1902295741781881,-0.10487055960425473 0.08086332549172492))	0
8	5	POLYGON((0.018141736815776965 0.08086332549172492,0.1411540332358086 0.08086332549172492,0.1411540332358086 0.1902295741781881,0.018141736815776965 0.1902295741781881,0.018141736815776965 0.08086332549172492))	0
9	5	POLYGON((0.1411540332358086 0.08086332549172492,0.26416632965584025 0.08086332549172492,0.26416632965584025 0.1902295741781881,0.1411540332358086 0.1902295741781881,0.1411540332358086 0.08086332549172492))	0
10	5	POLYGON((0.26416632965584025 0.08086332549172492,0.3871786260758718 0.08086332549172492,0.3871786260758718 0.1902295741781881,0.26416632965584025 0.1902295741781881,0.26416632965584025 0.08086332549172492))	0
11	5	POLYGON((0.3871786260758718 0.08086332549172492,0.5101909224959035 0.08086332549172492,0.5101909224959035 0.1902295741781881,0.3871786260758718 0.1902295741781881,0.3871786260758718 0.08086332549172492))	0
12	5	POLYGON((0.5101909224959035 0.08086332549172492,0.6332032189159351 0.08086332549172492,0.6332032189159351 0.1902295741781881,0.5101909224959035 0.1902295741781881,0.5101909224959035 0.08086332549172492))	0
13	5	POLYGON((0.6332032189159351 0.08086332549172492,0.7562155153359666 0.08086332549172492,0.7562155153359666 0.1902295741781881,0.6332032189159351 0.1902295741781881,0.6332032189159351 0.08086332549172492))	0
14	5	POLYGON((0.7562155153359666 0.08086332549172492,0.8792278117559983 0.08086332549172492,0.8792278117559983 0.1902295741781881,0.7562155153359666 0.1902295741781881,0.7562155153359666 0.08086332549172492))	0
15	5	POLYGON((0.8792278117559983 0.08086332549172492,1.00224010817603 0.08086332549172492,1.00224010817603 0.1902295741781881,0.8792278117559983 0.1902295741781881,0.8792278117559983 0.08086332549172492))	0
0	6	POLYGON((-0.965956634544476 0.1902295741781881,-0.8429443381244444 0.1902295741781881,-0.8429443381244444 0.29959582286465125,-0.965956634544476 0.29959582286465125,-0.965956634544476 0.1902295741781881))	0
1	6	POLYGON((-0.8429443381244444 0.1902295741781881,-0.7199320417044128 0.1902295741781881,-0.7199320417044128 0.29959582286465125,-0.8429443381244444 0.29959582286465125,-0.8429443381244444 0.1902295741781881))	0
2	6	POLYGON((-0.7199320417044128 0.1902295741781881,-0.5969197452843812 0.1902295741781881,-0.5969197452843812 0.29959582286465125,-0.7199320417044128 0.29959582286465125,-0.7199320417044128 0.1902295741781881))	0
3	6	POLYGON((-0.5969197452843812 0.1902295741781881,-0.47390744886434955 0.1902295741781881,-0.47390744886434955 0.29959582286465125,-0.5969197452843812 0.29959582286465125,-0.5969197452843812 0.1902295741781881))	0
4	6	POLYGON((-0.47390744886434955 0.1902295741781881,-0.3508951524443179 0.1902295741781881,-0.3508951524443179 0.29959582286465125,-0.47390744886434955 0.29959582286465125,-0.47390744886434955 0.1902295741781881))	0
5	6	POLYGON((-0.3508951524443179 0.1902295741781881,-0.22788285602428632 0.1902295741781881,-0.22788285602428632 0.29959582286465125,-0.3508951524443179 0.29959582286465125,-0.3508951524443179 0.1902295741781881))	0
6	6	POLYGON((-0.22788285602428632 0.1902295741781881,-0.10487055960425473 0.1902295741781881,-0.10487055960425473 0.29959582286465125,-0.22788285602428632 0.29959582286465125,-0.22788285602428632 0.1902295741781881))	0
7	6	POLYGON((-0.10487055960425473 0.1902295741781881,0.018141736815776965 0.1902295741781881,0.018141736815776965 0.29959582286465125,-0.10487055960425473 0.29959582286465125,-0.10487055960425473 0.1902295741781881))	0
8	6	POLYGON((0.018141736815776965 0.1902295741781881,0.1411540332358086 0.1902295741781881,0.1411540332358086 0.29959582286465125,0.018141736815776965 0.29959582286465125,0.018141736815776965 0.1902295741781881))	0
9	6	POLYGON((0.1411540332358086 0.1902295741781881,0.26416632965584025 0.1902295741781881,0.26416632965584025 0.29959582286465125,0.1411540332358086 0.29959582286465125,0.1411540332358086 0.1902295741781881))	0
10	6	POLYGON((0.26416632965584025 0.1902295741781881,0.3871786260758718 0.1902295741781881,0.3871786260758718 0.29959582286465125,0.26416632965584025 0.29959582286465125,0.26416632965584025 0.1902295741781881))	0
11	6	POLYGON((0.3871786260758718 0.1902295741781881,0.5101909224959035 0.1902295741781881,0.5101909224959035 0.29959582286465125,0.3871786260758718 0.29959582286465125,0.3871786260758718 0.1902295741781881))	0
12	6	POLYGON((0.5101909224959035 0.1902295741781881,0.6332032189159351 0.1902295741781881,0.6332032189159351 0.29959582286465125,0.5101909224959035 0.29959582286465125,0.5101909224959035 0.1902295741781881))	0
13	6	POLYGON((0.6332032189159351 0.1902295741781881,0.7562155153359666 0.1902295741781881,0.7562155153359666 0.29959582286465125,0.6332032189159351 0.29959582286465125,0.6332032189159351 0.1902295741781881))	0
14	6	POLYGON((0.7562155153359666 0.1902295741781881,0.8792278117559983 0.1902295741781881,0.8792278117559983 0.29959582286465125,0.7562155153359666 0.29959582286465125,0.7562155153359666 0.1902295741781881))	0
15	6	POLYGON((0.8792278117559983 0.1902295741781881,1.00224010817603 0.1902295741781881,1.00224010817603 0.29959582286465125,0.8792278117559983 0.29959582286465125,0.8792278117559983 0.1902295741781881))	0
0	7	POLYGON((-0.965956634544476 0.29959582286465125,-0.8429443381244444 0.29959582286465125,-0.8429443381244444 0.40896207155111447,-0.965956634544476 0.40896207155111447,-0.965956634544476 0.29959582286465125))	1428
1	7	POLYGON((-0.8429443381244444 0.29959582286465125,-0.7199320417044128 0.29959582286465125,-0.7199320417044128 0.40896207155111447,-0.8429443381244444 0.40896207155111447,-0.8429443381244444 0.29959582286465125))	62
2	7	POLYGON((-0.7199320417044128 0.29959582286465125,-0.5969197452843812 0.29959582286465125,-0.5969197452843812 0.40896207155111447,-0.7199320417044128 0.40896207155111447,-0.7199320417044128 0.29959582286465125))	0
3	7	POLYGON((-0.5969197452843812 0.29959582286465125,-0.47390744886434955 0.29959582286465125,-0.47390744886434955 0.40896207155111447,-0.5969197452843812 0.40896207155111447,-0.5969197452843812 0.29959582286465125))	0
4	7	POLYGON((-0.47390744886434955 0.29959582286465125,-0.3508951524443179 0.29959582286465125,-0.3508951524443179 0.40896207155111447,-0.47390744886434955 0.40896207155111447,-0.47390744886434955 0.29959582286465125))	0
5	7	POLYGON((-0.3508951524443179 0.29959582286465125,-0.22788285602428632 0.29959582286465125,-0.22788285602428632 0.40896207155111447,-0.3508951524443179 0.40896207155111447,-0.3508951524443179 0.29959582286465125))	0
6	7	POLYGON((-0.22788285602428632 0.29959582286465125,-0.10487055960425473 0.29959582286465125,-0.10487055960425473 0.40896207155111447,-0.22788285602428632 0.40896207155111447,-0.22788285602428632 0.29959582286465125))	0
7	7	POLYGON((-0.10487055960425473 0.29959582286465125,0.018141736815776965 0.29959582286465125,0.018141736815776965 0.40896207155111447,-0.10487055960425473 0.40896207155111447,-0.10487055960425473 0.29959582286465125))	0
8	7	POLYGON((0.018141736815776965 0.29959582286465125,0.1411540332358086 0.29959582286465125,0.1411540332358086 0.40896207155111447,0.018141736815776965 0.40896207155111447,0.018141736815776965 0.29959582286465125))	0
9	7	POLYGON((0.1411540332358086 0.29959582286465125,0.26416632965584025 0.29959582286465125,0.26416632965584025 0.40896207155111447,0.1411540332358086 0.40896207155111447,0.1411540332358086 0.29959582286465125))	0
10	7	POLYGON((0.26416632965584025 0.29959582286465125,0.3871786260758718 0.29959582286465125,0.3871786260758718 0.40896207155111447,0.26416632965584025 0.40896207155111447,0.26416632965584025 0.29959582286465125))	0
11	7	POLYGON((0.3871786260758718 0.29959582286465125,0.5101909224959035 0.29959582286465125,0.5101909224959035 0.40896207155111447,0.3871786260758718 0.40896207155111447,0.3871786260758718 0.29959582286465125))	0
12	7	POLYGON((0.5101909224959035 0.29959582286465125,0.6332032189159351 0.29959582286465125,0.6332032189159351 0.40896207155111447,0.5101909224959035 0.40896207155111447,0.5101909224959035 0.29959582286465125))	0
13	7	POLYGON((0.6332032189159351 0.29959582286465125,0.7562155153359666 0.29959582286465125,0.7562155153359666 0.40896207155111447,0.6332032189159351 0.40896207155111447,0.6332032189159351 0.29959582286465125))	0
14	7	POLYGON((0.7562155153359666 0.29959582286465125,0.8792278117559983 0.29959582286465125,0.8792278117559983 0.40896207155111447,0.7562155153359666 0.40896207155111447,0.7562155153359666 0.29959582286465125))	0
15	7	POLYGON((0.8792278117559983 0.29959582286465125,1.00224010817603 0.29959582286465125,1.00224010817603 0.40896207155111447,0.8792278117559983 0.40896207155111447,0.8792278117559983 0.29959582286465125))	0
0	8	POLYGON((-0.965956634544476 0.40896207155111447,-0.8429443381244444 0.40896207155111447,-0.8429443381244444 0.5183283202375777,-0.965956634544476 0.5183283202375777,-0.965956634544476 0.40896207155111447))	289
1	8	POLYGON((-0.8429443381244444 0.40896207155111447,-0.7199320417044128 0.40896207155111447,-0.7199320417044128 0.5183283202375777,-0.8429443381244444 0.5183283202375777,-0.8429443381244444 0.40896207155111447))	1792
2	8	POLYGON((-0.7199320417044128 0.40896207155111447,-0.5969197452843812 0.40896207155111447,-0.5969197452843812 0.5183283202375777,-0.7199320417044128 0.5183283202375777,-0.7199320417044128 0.40896207155111447))	745
3	8	POLYGON((-0.5969197452843812 0.40896207155111447,-0.47390744886434955 0.40896207155111447,-0.47390744886434955 0.5183283202375777,-0.5969197452843812 0.5183283202375777,-0.5969197452843812 0.40896207155111447))	2
4	8	POLYGON((-0.47390744886434955 0.40896207155111447,-0.3508951524443179 0.40896207155111447,-0.3508951524443179 0.5183283202375777,-0.47390744886434955 0.5183283202375777,-0.47390744886434955 0.40896207155111447))	0
5	8	POLYGON((-0.3508951524443179 0.40896207155111447,-0.22788285602428632 0.40896207155111447,-0.22788285602428632 0.5183283202375777,-0.3508951524443179 0.5183283202375777,-0.3508951524443179 0.40896207155111447))	0
6	8	POLYGON((-0.22788285602428632 0.40896207155111447,-0.10487055960425473 0.40896207155111447,-0.10487055960425473 0.5183283202375777,-0.22788285602428632 0.5183283202375777,-0.22788285602428632 0.40896207155111447))	0
7	8	POLYGON((-0.10487055960425473 0.40896207155111447,0.018141736815776965 0.40896207155111447,0.018141736815776965 0.5183283202375777,-0.10487055960425473 0.5183283202375777,-0.10487055960425473 0.40896207155111447))	0
8	8	POLYGON((0.018141736815776965 0.40896207155111447,0.1411540332358086 0.40896207155111447,0.1411540332358086 0.5183283202375777,0.018141736815776965 0.5183283202375777,0.018141736815776965 0.40896207155111447))	0
9	8	POLYGON((0.1411540332358086 0.40896207155111447,0.26416632965584025 0.40896207155111447,0.26416632965584025 0.5183283202375777,0.1411540332358086 0.5183283202375777,0.1411540332358086 0.40896207155111447))	0
10	8	POLYGON((0.26416632965584025 0.40896207155111447,0.3871786260758718 0.40896207155111447,0.3871786260758718 0.5183283202375777,0.26416632965584025 0.5183283202375777,0.26416632965584025 0.40896207155111447))	0
11	8	POLYGON((0.3871786260758718 0.40896207155111447,0.5101909224959035 0.40896207155111447,0.5101909224959035 0.5183283202375777,0.3871786260758718 0.5183283202375777,0.3871786260758718 0.40896207155111447))	0
12	8	POLYGON((0.5101909224959035 0.40896207155111447,0.6332032189159351 0.40896207155111447,0.6332032189159351 0.5183283202375777,0.5101909224959035 0.5183283202375777,0.5101909224959035 0.40896207155111447))	0
13	8	POLYGON((0.6332032189159351 0.40896207155111447,0.7562155153359666 0.40896207155111447,0.7562155153359666 0.5183283202375777,0.6332032189159351 0.5183283202375777,0.6332032189159351 0.40896207155111447))	0
14	8	POLYGON((0.7562155153359666 0.40896207155111447,0.8792278117559983 0.40896207155111447,0.8792278117559983 0.5183283202375777,0.7562155153359666 0.5183283202375777,0.7562155153359666 0.40896207155111447))	0
15	8	POLYGON((0.8792278117559983 0.40896207155111447,1.00224010817603 0.40896207155111447,1.00224010817603 0.5183283202375777,0.8792278117559983 0.5183283202375777,0.8792278117559983 0.40896207155111447))	0
0	9	POLYGON((-0.965956634544476 0.5183283202375777,-0.8429443381244444 0.5183283202375777,-0.8429443381244444 0.627694568924041,-0.965956634544476 0.627694568924041,-0.965956634544476 0.5183283202375777))	0
1	9	POLYGON((-0.8429443381244444 0.5183283202375777,-0.7199320417044128 0.5183283202375777,-0.7199320417044128 0.627694568924041,-0.8429443381244444 0.627694568924041,-0.8429443381244444 0.5183283202375777))	19
2	9	POLYGON((-0.7199320417044128 0.5183283202375777,-0.5969197452843812 0.5183283202375777,-0.5969197452843812 0.627694568924041,-0.7199320417044128 0.627694568924041,-0.7199320417044128 0.5183283202375777))	1049
3	9	POLYGON((-0.5969197452843812 0.5183283202375777,-0.47390744886434955 0.5183283202375777,-0.47390744886434955 0.627694568924041,-0.5969197452843812 0.627694568924041,-0.5969197452843812 0.5183283202375777))	1612
4	9	POLYGON((-0.47390744886434955 0.5183283202375777,-0.3508951524443179 0.5183283202375777,-0.3508951524443179 0.627694568924041,-0.47390744886434955 0.627694568924041,-0.47390744886434955 0.5183283202375777))	95
5	9	POLYGON((-0.3508951524443179 0.5183283202375777,-0.22788285602428632 0.5183283202375777,-0.22788285602428632 0.627694568924041,-0.3508951524443179 0.627694568924041,-0.3508951524443179 0.5183283202375777))	0
6	9	POLYGON((-0.22788285602428632 0.5183283202375777,-0.10487055960425473 0.5183283202375777,-0.10487055960425473 0.627694568924041,-0.22788285602428632 0.627694568924041,-0.22788285602428632 0.5183283202375777))	0
7	9	POLYGON((-0.10487055960425473 0.5183283202375777,0.018141736815776965 0.5183283202375777,0.018141736815776965 0.627694568924041,-0.10487055960425473 0.627694568924041,-0.10487055960425473 0.5183283202375777))	0
8	9	POLYGON((0.018141736815776965 0.5183283202375777,0.1411540332358086 0.5183283202375777,0.1411540332358086 0.627694568924041,0.018141736815776965 0.627694568924041,0.018141736815776965 0.5183283202375777))	0
9	9	POLYGON((0.1411540332358086 0.5183283202375777,0.26416632965584025 0.5183283202375777,0.26416632965584025 0.627694568924041,0.1411540332358086 0.627694568924041,0.1411540332358086 0.5183283202375777))	0
10	9	POLYGON((0.26416632965584025 0.5183283202375777,0.3871786260758718 0.5183283202375777,0.3871786260758718 0.627694568924041,0.26416632965584025 0.627694568924041,0.26416632965584025 0.5183283202375777))	0
11	9	POLYGON((0.3871786260758718 0.5183283202375777,0.5101909224959035 0.5183283202375777,0.5101909224959035 0.627694568924041,0.3871786260758718 0.627694568924041,0.3871786260758718 0.5183283202375777))	0
12	9	POLYGON((0.5101909224959035 0.5183283202375777,0.6332032189159351 0.5183283202375777,0.6332032189159351 0.627694568924041,0.5101909224959035 0.627694568924041,0.5101909224959035 0.5183283202375777))	0
13	9	POLYGON((0.6332032189159351 0.5183283202375777,0.7562155153359666 0.5183283202375777,0.7562155153359666 0.627694568924041,0.6332032189159351 0.627694568924041,0.6332032189159351 0.5183283202375777))	0
14	9	POLYGON((0.7562155153359666 0.5183283202375777,0.8792278117559983 0.5183283202375777,0.8792278117559983 0.627694568924041,0.7562155153359666 0.627694568924041,0.7562155153359666 0.5183283202375777))	0
15	9	POLYGON((0.8792278117559983 0.5183283202375777,1.00224010817603 0.5183283202375777,1.00224010817603 0.627694568924041,0.8792278117559983 0.627694568924041,0.8792278117559983 0.5183283202375777))	0
0	10	POLYGON((-0.965956634544476 0.627694568924041,-0.8429443381244444 0.627694568924041,-0.8429443381244444 0.737060817610504,-0.965956634544476 0.737060817610504,-0.965956634544476 0.627694568924041))	0
1	10	POLYGON((-0.8429443381244444 0.627694568924041,-0.7199320417044128 0.627694568924041,-0.7199320417044128 0.737060817610504,-0.8429443381244444 0.737060817610504,-0.8429443381244444 0.627694568924041))	0
2	10	POLYGON((-0.7199320417044128 0.627694568924041,-0.5969197452843812 0.627694568924041,-0.5969197452843812 0.737060817610504,-0.7199320417044128 0.737060817610504,-0.7199320417044128 0.627694568924041))	1
3	10	POLYGON((-0.5969197452843812 0.627694568924041,-0.47390744886434955 0.627694568924041,-0.47390744886434955 0.737060817610504,-0.5969197452843812 0.737060817610504,-0.5969197452843812 0.627694568924041))	181
4	10	POLYGON((-0.47390744886434955 0.627694568924041,-0.3508951524443179 0.627694568924041,-0.3508951524443179 0.737060817610504,-0.47390744886434955 0.737060817610504,-0.47390744886434955 0.627694568924041))	1685
5	10	POLYGON((-0.3508951524443179 0.627694568924041,-0.22788285602428632 0.627694568924041,-0.22788285602428632 0.737060817610504,-0.3508951524443179 0.737060817610504,-0.3508951524443179 0.627694568924041))	889
6	10	POLYGON((-0.22788285602428632 0.627694568924041,-0.10487055960425473 0.627694568924041,-0.10487055960425473 0.737060817610504,-0.22788285602428632 0.737060817610504,-0.22788285602428632 0.627694568924041))	8
7	10	POLYGON((-0.10487055960425473 0.627694568924041,0.018141736815776965 0.627694568924041,0.018141736815776965 0.737060817610504,-0.10487055960425473 0.737060817610504,-0.10487055960425473 0.627694568924041))	0
8	10	POLYGON((0.018141736815776965 0.627694568924041,0.1411540332358086 0.627694568924041,0.1411540332358086 0.737060817610504,0.018141736815776965 0.737060817610504,0.018141736815776965 0.627694568924041))	0
9	10	POLYGON((0.1411540332358086 0.627694568924041,0.26416632965584025 0.627694568924041,0.26416632965584025 0.737060817610504,0.1411540332358086 0.737060817610504,0.1411540332358086 0.627694568924041))	0
10	10	POLYGON((0.26416632965584025 0.627694568924041,0.3871786260758718 0.627694568924041,0.3871786260758718 0.737060817610504,0.26416632965584025 0.737060817610504,0.26416632965584025 0.627694568924041))	0
11	10	POLYGON((0.3871786260758718 0.627694568924041,0.5101909224959035 0.627694568924041,0.5101909224959035 0.737060817610504,0.3871786260758718 0.737060817610504,0.3871786260758718 0.627694568924041))	0
12	10	POLYGON((0.5101909224959035 0.627694568924041,0.6332032189159351 0.627694568924041,0.6332032189159351 0.737060817610504,0.5101909224959035 0.737060817610504,0.5101909224959035 0.627694568924041))	0
13	10	POLYGON((0.6332032189159351 0.627694568924041,0.7562155153359666 0.627694568924041,0.7562155153359666 0.737060817610504,0.6332032189159351 0.737060817610504,0.6332032189159351 0.627694568924041))	0
14	10	POLYGON((0.7562155153359666 0.627694568924041,0.8792278117559983 0.627694568924041,0.8792278117559983 0.737060817610504,0.7562155153359666 0.737060817610504,0.7562155153359666 0.627694568924041))	0
15	10	POLYGON((0.8792278117559983 0.627694568924041,1.00224010817603 0.627694568924041,1.00224010817603 0.737060817610504,0.8792278117559983 0.737060817610504,0.8792278117559983 0.627694568924041))	0
0	11	POLYGON((-0.965956634544476 0.737060817610504,-0.8429443381244444 0.737060817610504,-0.8429443381244444 0.8464270662969672,-0.965956634544476 0.8464270662969672,-0.965956634544476 0.737060817610504))	0
1	11	POLYGON((-0.8429443381244444 0.737060817610504,-0.7199320417044128 0.737060817610504,-0.7199320417044128 0.8464270662969672,-0.8429443381244444 0.8464270662969672,-0.8429443381244444 0.737060817610504))	0
2	11	POLYGON((-0.7199320417044128 0.737060817610504,-0.5969197452843812 0.737060817610504,-0.5969197452843812 0.8464270662969672,-0.7199320417044128 0.8464270662969672,-0.7199320417044128 0.737060817610504))	0
3	11	POLYGON((-0.5969197452843812 0.737060817610504,-0.47390744886434955 0.737060817610504,-0.47390744886434955 0.8464270662969672,-0.5969197452843812 0.8464270662969672,-0.5969197452843812 0.737060817610504))	0
4	11	POLYGON((-0.47390744886434955 0.737060817610504,-0.3508951524443179 0.737060817610504,-0.3508951524443179 0.8464270662969672,-0.47390744886434955 0.8464270662969672,-0.47390744886434955 0.737060817610504))	11
5	11	POLYGON((-0.3508951524443179 0.737060817610504,-0.22788285602428632 0.737060817610504,-0.22788285602428632 0.8464270662969672,-0.3508951524443179 0.8464270662969672,-0.3508951524443179 0.737060817610504))	974
6	11	POLYGON((-0.22788285602428632 0.737060817610504,-0.10487055960425473 0.737060817610504,-0.10487055960425473 0.8464270662969672,-0.22788285602428632 0.8464270662969672,-0.22788285602428632 0.737060817610504))	1700
7	11	POLYGON((-0.10487055960425473 0.737060817610504,0.018141736815776965 0.737060817610504,0.018141736815776965 0.8464270662969672,-0.10487055960425473 0.8464270662969672,-0.10487055960425473 0.737060817610504))	179
8	11	POLYGON((0.018141736815776965 0.737060817610504,0.1411540332358086 0.737060817610504,0.1411540332358086 0.8464270662969672,0.018141736815776965 0.8464270662969672,0.018141736815776965 0.737060817610504))	0
9	11	POLYGON((0.1411540332358086 0.737060817610504,0.26416632965584025 0.737060817610504,0.26416632965584025 0.8464270662969672,0.1411540332358086 0.8464270662969672,0.1411540332358086 0.737060817610504))	0
10	11	POLYGON((0.26416632965584025 0.737060817610504,0.3871786260758718 0.737060817610504,0.3871786260758718 0.8464270662969672,0.26416632965584025 0.8464270662969672,0.26416632965584025 0.737060817610504))	0
11	11	POLYGON((0.3871786260758718 0.737060817610504,0.5101909224959035 0.737060817610504,0.5101909224959035 0.8464270662969672,0.3871786260758718 0.8464270662969672,0.3871786260758718 0.737060817610504))	0
12	11	POLYGON((0.5101909224959035 0.737060817610504,0.6332032189159351 0.737060817610504,0.6332032189159351 0.8464270662969672,0.5101909224959035 0.8464270662969672,0.5101909224959035 0.737060817610504))	0
13	11	POLYGON((0.6332032189159351 0.737060817610504,0.7562155153359666 0.737060817610504,0.7562155153359666 0.8464270662969672,0.6332032189159351 0.8464270662969672,0.6332032189159351 0.737060817610504))	0
14	11	POLYGON((0.7562155153359666 0.737060817610504,0.8792278117559983 0.737060817610504,0.8792278117559983 0.8464270662969672,0.7562155153359666 0.8464270662969672,0.7562155153359666 0.737060817610504))	0
15	11	POLYGON((0.8792278117559983 0.737060817610504,1.00224010817603 0.737060817610504,1.00224010817603 0.8464270662969672,0.8792278117559983 0.8464270662969672,0.8792278117559983 0.737060817610504))	0
0	12	POLYGON((-0.965956634544476 0.8464270662969672,-0.8429443381244444 0.8464270662969672,-0.8429443381244444 0.9557933149834303,-0.965956634544476 0.9557933149834303,-0.965956634544476 0.8464270662969672))	0
1	12	POLYGON((-0.8429443381244444 0.8464270662969672,-0.7199320417044128 0.8464270662969672,-0.7199320417044128 0.9557933149834303,-0.8429443381244444 0.9557933149834303,-0.8429443381244444 0.8464270662969672))	0
2	12	POLYGON((-0.7199320417044128 0.8464270662969672,-0.5969197452843812 0.8464270662969672,-0.5969197452843812 0.9557933149834303,-0.7199320417044128 0.9557933149834303,-0.7199320417044128 0.8464270662969672))	0
3	12	POLYGON((-0.5969197452843812 0.8464270662969672,-0.47390744886434955 0.8464270662969672,-0.47390744886434955 0.9557933149834303,-0.5969197452843812 0.9557933149834303,-0.5969197452843812 0.8464270662969672))	0
4	12	POLYGON((-0.47390744886434955 0.8464270662969672,-0.3508951524443179 0.8464270662969672,-0.3508951524443179 0.9557933149834303,-0.47390744886434955 0.9557933149834303,-0.47390744886434955 0.8464270662969672))	0
5	12	POLYGON((-0.3508951524443179 0.8464270662969672,-0.22788285602428632 0.8464270662969672,-0.22788285602428632 0.9557933149834303,-0.3508951524443179 0.9557933149834303,-0.3508951524443179 0.8464270662969672))	1
6	12	POLYGON((-0.22788285602428632 0.8464270662969672,-0.10487055960425473 0.8464270662969672,-0.10487055960425473 0.9557933149834303,-0.22788285602428632 0.9557933149834303,-0.22788285602428632 0.8464270662969672))	102
7	12	POLYGON((-0.10487055960425473 0.8464270662969672,0.018141736815776965 0.8464270662969672,0.018141736815776965 0.9557933149834303,-0.10487055960425473 0.9557933149834303,-0.10487055960425473 0.8464270662969672))	1721
8	12	POLYGON((0.018141736815776965 0.8464270662969672,0.1411540332358086 0.8464270662969672,0.1411540332358086 0.9557933149834303,0.018141736815776965 0.9557933149834303,0.018141736815776965 0.8464270662969672))	1007
9	12	POLYGON((0.1411540332358086 0.8464270662969672,0.26416632965584025 0.8464270662969672,0.26416632965584025 0.9557933149834303,0.1411540332358086 0.9557933149834303,0.1411540332358086 0.8464270662969672))	16
10	12	POLYGON((0.26416632965584025 0.8464270662969672,0.3871786260758718 0.8464270662969672,0.3871786260758718 0.9557933149834303,0.26416632965584025 0.9557933149834303,0.26416632965584025 0.8464270662969672))	0
11	12	POLYGON((0.3871786260758718 0.8464270662969672,0.5101909224959035 0.8464270662969672,0.5101909224959035 0.9557933149834303,0.3871786260758718 0.9557933149834303,0.3871786260758718 0.8464270662969672))	0
12	12	POLYGON((0.5101909224959035 0.8464270662969672,0.6332032189159351 0.8464270662969672,0.6332032189159351 0.9557933149834303,0.5101909224959035 0.9557933149834303,0.5101909224959035 0.8464270662969672))	0
13	12	POLYGON((0.6332032189159351 0.8464270662969672,0.7562155153359666 0.8464270662969672,0.7562155153359666 0.9557933149834303,0.6332032189159351 0.9557933149834303,0.6332032189159351 0.8464270662969672))	0
14	12	POLYGON((0.7562155153359666 0.8464270662969672,0.8792278117559983 0.8464270662969672,0.8792278117559983 0.9557933149834303,0.7562155153359666 0.9557933149834303,0.7562155153359666 0.8464270662969672))	0
15	12	POLYGON((0.8792278117559983 0.8464270662969672,1.00224010817603 0.8464270662969672,1.00224010817603 0.9557933149834303,0.8792278117559983 0.9557933149834303,0.8792278117559983 0.8464270662969672))	0
0	13	POLYGON((-0.965956634544476 0.9557933149834303,-0.8429443381244444 0.9557933149834303,-0.8429443381244444 1.0651595636698936,-0.965956634544476 1.0651595636698936,-0.965956634544476 0.9557933149834303))	0
1	13	POLYGON((-0.8429443381244444 0.9557933149834303,-0.7199320417044128 0.9557933149834303,-0.7199320417044128 1.0651595636698936,-0.8429443381244444 1.0651595636698936,-0.8429443381244444 0.9557933149834303))	0
2	13	POLYGON((-0.7199320417044128 0.9557933149834303,-0.5969197452843812 0.9557933149834303,-0.5969197452843812 1.0651595636698936,-0.7199320417044128 1.0651595636698936,-0.7199320417044128 0.9557933149834303))	0
3	13	POLYGON((-0.5969197452843812 0.9557933149834303,-0.47390744886434955 0.9557933149834303,-0.47390744886434955 1.0651595636698936,-0.5969197452843812 1.0651595636698936,-0.5969197452843812 0.9557933149834303))	0
4	13	POLYGON((-0.47390744886434955 0.9557933149834303,-0.3508951524443179 0.9557933149834303,-0.3508951524443179 1.0651595636698936,-0.47390744886434955 1.0651595636698936,-0.47390744886434955 0.9557933149834303))	0
5	13	POLYGON((-0.3508951524443179 0.9557933149834303,-0.22788285602428632 0.9557933149834303,-0.22788285602428632 1.0651595636698936,-0.3508951524443179 1.0651595636698936,-0.3508951524443179 0.9557933149834303))	0
6	13	POLYGON((-0.22788285602428632 0.9557933149834303,-0.10487055960425473 0.9557933149834303,-0.10487055960425473 1.0651595636698936,-0.22788285602428632 1.0651595636698936,-0.22788285602428632 0.9557933149834303))	0
7	13	POLYGON((-0.10487055960425473 0.9557933149834303,0.018141736815776965 0.9557933149834303,0.018141736815776965 1.0651595636698936,-0.10487055960425473 1.0651595636698936,-0.10487055960425473 0.9557933149834303))	6
8	13	POLYGON((0.018141736815776965 0.9557933149834303,0.1411540332358086 0.9557933149834303,0.1411540332358086 1.0651595636698936,0.018141736815776965 1.0651595636698936,0.018141736815776965 0.9557933149834303))	788
9	13	POLYGON((0.1411540332358086 0.9557933149834303,0.26416632965584025 0.9557933149834303,0.26416632965584025 1.0651595636698936,0.1411540332358086 1.0651595636698936,0.1411540332358086 0.9557933149834303))	1557
10	13	POLYGON((0.26416632965584025 0.9557933149834303,0.3871786260758718 0.9557933149834303,0.3871786260758718 1.0651595636698936,0.26416632965584025 1.0651595636698936,0.26416632965584025 0.9557933149834303))	0
11	13	POLYGON((0.3871786260758718 0.9557933149834303,0.5101909224959035 0.9557933149834303,0.5101909224959035 1.0651595636698936,0.3871786260758718 1.0651595636698936,0.3871786260758718 0.9557933149834303))	0
12	13	POLYGON((0.5101909224959035 0.9557933149834303,0.6332032189159351 0.9557933149834303,0.6332032189159351 1.0651595636698936,0.5101909224959035 1.0651595636698936,0.5101909224959035 0.9557933149834303))	0
13	13	POLYGON((0.6332032189159351 0.9557933149834303,0.7562155153359666 0.9557933149834303,0.7562155153359666 1.0651595636698936,0.6332032189159351 1.0651595636698936,0.6332032189159351 0.9557933149834303))	0
14	13	POLYGON((0.7562155153359666 0.9557933149834303,0.8792278117559983 0.9557933149834303,0.8792278117559983 1.0651595636698936,0.7562155153359666 1.0651595636698936,0.7562155153359666 0.9557933149834303))	0
15	13	POLYGON((0.8792278117559983 0.9557933149834303,1.00224010817603 0.9557933149834303,1.00224010817603 1.0651595636698936,0.8792278117559983 1.0651595636698936,0.8792278117559983 0.9557933149834303))	0
0	14	POLYGON((-0.965956634544476 1.0651595636698936,-0.8429443381244444 1.0651595636698936,-0.8429443381244444 1.1745258123563567,-0.965956634544476 1.1745258123563567,-0.965956634544476 1.0651595636698936))	0
1	14	POLYGON((-0.8429443381244444 1.0651595636698936,-0.7199320417044128 1.0651595636698936,-0.7199320417044128 1.1745258123563567,-0.8429443381244444 1.1745258123563567,-0.8429443381244444 1.0651595636698936))	0
2	14	POLYGON((-0.7199320417044128 1.0651595636698936,-0.5969197452843812 1.0651595636698936,-0.5969197452843812 1.1745258123563567,-0.7199320417044128 1.1745258123563567,-0.7199320417044128 1.0651595636698936))	0
3	14	POLYGON((-0.5969197452843812 1.0651595636698936,-0.47390744886434955 1.0651595636698936,-0.47390744886434955 1.1745258123563567,-0.5969197452843812 1.1745258123563567,-0.5969197452843812 1.0651595636698936))	0
4	14	POLYGON((-0.47390744886434955 1.0651595636698936,-0.3508951524443179 1.0651595636698936,-0.3508951524443179 1.1745258123563567,-0.47390744886434955 1.1745258123563567,-0.47390744886434955 1.0651595636698936))	0
5	14	POLYGON((-0.3508951524443179 1.0651595636698936,-0.22788285602428632 1.0651595636698936,-0.22788285602428632 1.1745258123563567,-0.3508951524443179 1.1745258123563567,-0.3508951524443179 1.0651595636698936))	0
6	14	POLYGON((-0.22788285602428632 1.0651595636698936,-0.10487055960425473 1.0651595636698936,-0.10487055960425473 1.1745258123563567,-0.22788285602428632 1.1745258123563567,-0.22788285602428632 1.0651595636698936))	0
7	14	POLYGON((-0.10487055960425473 1.0651595636698936,0.018141736815776965 1.0651595636698936,0.018141736815776965 1.1745258123563567,-0.10487055960425473 1.1745258123563567,-0.10487055960425473 1.0651595636698936))	0
8	14	POLYGON((0.018141736815776965 1.0651595636698936,0.1411540332358086 1.0651595636698936,0.1411540332358086 1.1745258123563567,0.018141736815776965 1.1745258123563567,0.018141736815776965 1.0651595636698936))	0
9	14	POLYGON((0.1411540332358086 1.0651595636698936,0.26416632965584025 1.0651595636698936,0.26416632965584025 1.1745258123563567,0.1411540332358086 1.1745258123563567,0.1411540332358086 1.0651595636698936))	1
10	14	POLYGON((0.26416632965584025 1.0651595636698936,0.3871786260758718 1.0651595636698936,0.3871786260758718 1.1745258123563567,0.26416632965584025 1.1745258123563567,0.26416632965584025 1.0651595636698936))	0
11	14	POLYGON((0.3871786260758718 1.0651595636698936,0.5101909224959035 1.0651595636698936,0.5101909224959035 1.1745258123563567,0.3871786260758718 1.1745258123563567,0.3871786260758718 1.0651595636698936))	0
12	14	POLYGON((0.5101909224959035 1.0651595636698936,0.6332032189159351 1.0651595636698936,0.6332032189159351 1.1745258123563567,0.5101909224959035 1.1745258123563567,0.5101909224959035 1.0651595636698936))	0
13	14	POLYGON((0.6332032189159351 1.0651595636698936,0.7562155153359666 1.0651595636698936,0.7562155153359666 1.1745258123563567,0.6332032189159351 1.1745258123563567,0.6332032189159351 1.0651595636698936))	0
14	14	POLYGON((0.7562155153359666 1.0651595636698936,0.8792278117559983 1.0651595636698936,0.8792278117559983 1.1745258123563567,0.7562155153359666 1.1745258123563567,0.7562155153359666 1.0651595636698936))	0
15	14	POLYGON((0.8792278117559983 1.0651595636698936,1.00224010817603 1.0651595636698936,1.00224010817603 1.1745258123563567,0.8792278117559983 1.1745258123563567,0.8792278117559983 1.0651595636698936))	0
0	15	POLYGON((-0.965956634544476 1.1745258123563567,-0.8429443381244444 1.1745258123563567,-0.8429443381244444 1.28389206104282,-0.965956634544476 1.28389206104282,-0.965956634544476 1.1745258123563567))	0
1	15	POLYGON((-0.8429443381244444 1.1745258123563567,-0.7199320417044128 1.1745258123563567,-0.7199320417044128 1.28389206104282,-0.8429443381244444 1.28389206104282,-0.8429443381244444 1.1745258123563567))	0
2	15	POLYGON((-0.7199320417044128 1.1745258123563567,-0.5969197452843812 1.1745258123563567,-0.5969197452843812 1.28389206104282,-0.7199320417044128 1.28389206104282,-0.7199320417044128 1.1745258123563567))	0
3	15	POLYGON((-0.5969197452843812 1.1745258123563567,-0.47390744886434955 1.1745258123563567,-0.47390744886434955 1.28389206104282,-0.5969197452843812 1.28389206104282,-0.5969197452843812 1.1745258123563567))	0
4	15	POLYGON((-0.47390744886434955 1.1745258123563567,-0.3508951524443179 1.1745258123563567,-0.3508951524443179 1.28389206104282,-0.47390744886434955 1.28389206104282,-0.47390744886434955 1.1745258123563567))	0
5	15	POLYGON((-0.3508951524443179 1.1745258123563567,-0.22788285602428632 1.1745258123563567,-0.22788285602428632 1.28389206104282,-0.3508951524443179 1.28389206104282,-0.3508951524443179 1.1745258123563567))	0
6	15	POLYGON((-0.22788285602428632 1.1745258123563567,-0.10487055960425473 1.1745258123563567,-0.10487055960425473 1.28389206104282,-0.22788285602428632 1.28389206104282,-0.22788285602428632 1.1745258123563567))	0
7	15	POLYGON((-0.10487055960425473 1.1745258123563567,0.018141736815776965 1.1745258123563567,0.018141736815776965 1.28389206104282,-0.10487055960425473 1.28389206104282,-0.10487055960425473 1.1745258123563567))	0
8	15	POLYGON((0.018141736815776965 1.1745258123563567,0.1411540332358086 1.1745258123563567,0.1411540332358086 1.28389206104282,0.018141736815776965 1.28389206104282,0.018141736815776965 1.1745258123563567))	0
9	15	POLYGON((0.1411540332358086 1.1745258123563567,0.26416632965584025 1.1745258123563567,0.26416632965584025 1.28389206104282,0.1411540332358086 1.28389206104282,0.1411540332358086 1.1745258123563567))	0
10	15	POLYGON((0.26416632965584025 1.1745258123563567,0.3871786260758718 1.1745258123563567,0.3871786260758718 1.28389206104282,0.26416632965584025 1.28389206104282,0.26416632965584025 1.1745258123563567))	0
11	15	POLYGON((0.3871786260758718 1.1745258123563567,0.5101909224959035 1.1745258123563567,0.5101909224959035 1.28389206104282,0.3871786260758718 1.28389206104282,0.3871786260758718 1.1745258123563567))	0
12	15	POLYGON((0.5101909224959035 1.1745258123563567,0.6332032189159351 1.1745258123563567,0.6332032189159351 1.28389206104282,0.5101909224959035 1.28389206104282,0.5101909224959035 1.1745258123563567))	0
13	15	POLYGON((0.6332032189159351 1.1745258123563567,0.7562155153359666 1.1745258123563567,0.7562155153359666 1.28389206104282,0.6332032189159351 1.28389206104282,0.6332032189159351 1.1745258123563567))	0
14	15	POLYGON((0.7562155153359666 1.1745258123563567,0.8792278117559983 1.1745258123563567,0.8792278117559983 1.28389206104282,0.7562155153359666 1.28389206104282,0.7562155153359666 1.1745258123563567))	0
15	15	POLYGON((0.8792278117559983 1.1745258123563567,1.00224010817603 1.1745258123563567,1.00224010817603 1.28389206104282,0.8792278117559983 1.28389206104282,0.8792278117559983 1.1745258123563567))	0
